USE [SEDCHome] GO -- Delete Data from tables ------------------ delete from [dbo].[GradeDetails] where 1=1; delete from [dbo].[Grade] where 1=1; delete from [dbo].[AchievementType] where 1=1; delete from [dbo].[Course] where 1=1; delete from [dbo].[Student] where 1=1; delete from [dbo].[Teacher] where 1=1; GO -- After running DBCC CHECKIDENT('TableName', RESEED, 0): -- Newly created tables will start with identity 0 -- Existing tables will continue with identity 1 ------------------ DBCC CHECKIDENT ('GradeDetails', RESEED, 0) DBCC CHECKIDENT ('Grade', RESEED, 0) DBCC CHECKIDENT ('AchievementType', RESEED, 0) DBCC CHECKIDENT ('Course', RESEED, 0) DBCC CHECKIDENT ('Student', RESEED, 0) DBCC CHECKIDENT ('Teacher', RESEED, 0) GO SET IDENTITY_INSERT [dbo].[AchievementType] ON GO INSERT [dbo].[AchievementType] ([ID], [Name], [Description], [ParticipationRate]) VALUES (0, N'Domasni', NULL, 7) GO INSERT [dbo].[AchievementType] ([ID], [Name], [Description], [ParticipationRate]) VALUES (1, N'Seminarska', NULL, 8) GO INSERT [dbo].[AchievementType] ([ID], [Name], [Description], [ParticipationRate]) VALUES (2, N'Redovnost', NULL, 5) GO INSERT [dbo].[AchievementType] ([ID], [Name], [Description], [ParticipationRate]) VALUES (3, N'Kolokvium1', NULL, 40) GO INSERT [dbo].[AchievementType] ([ID], [Name], [Description], [ParticipationRate]) VALUES (4, N'Kolokvium2', NULL, 40) GO INSERT [dbo].[AchievementType] ([ID], [Name], [Description], [ParticipationRate]) VALUES (5, N'Ispit', NULL, 80) GO SET IDENTITY_INSERT [dbo].[AchievementType] OFF GO SET IDENTITY_INSERT [dbo].[Course] ON GO INSERT [dbo].[Course] ([ID], [Name], [Credit], [AcademicYear], [Semester]) VALUES (0, N'Бизнис и менаџмент', 6, 1, 1) GO INSERT [dbo].[Course] ([ID], [Name], [Credit], [AcademicYear], [Semester]) VALUES (1, N'Вовед во компјутерските науки', 6, 1, 1) GO INSERT [dbo].[Course] ([ID], [Name], [Credit], [AcademicYear], [Semester]) VALUES (2, N'Калкулус', 6, 1, 1) GO INSERT [dbo].[Course] ([ID], [Name], [Credit], [AcademicYear], [Semester]) VALUES (3, N'Професионални вештини', 6, 1, 1) GO INSERT [dbo].[Course] ([ID], [Name], [Credit], [AcademicYear], [Semester]) VALUES (4, N'Структурно програмирање', 6, 1, 1) GO INSERT [dbo].[Course] ([ID], [Name], [Credit], [AcademicYear], [Semester]) VALUES (5, N'Основи на веб дизајн', 6, 1, 2) GO INSERT [dbo].[Course] ([ID], [Name], [Credit], [AcademicYear], [Semester]) VALUES (6, N'Архитектура и организација на компјутери', 6, 1, 2) GO INSERT [dbo].[Course] ([ID], [Name], [Credit], [AcademicYear], [Semester]) VALUES (7, N'Дискретна математика', 6, 1, 2) GO INSERT [dbo].[Course] ([ID], [Name], [Credit], [AcademicYear], [Semester]) VALUES (8, N'Објектно ориентирана анализа и дизајн', 6, 1, 2) GO INSERT [dbo].[Course] ([ID], [Name], [Credit], [AcademicYear], [Semester]) VALUES (9, N'Објектно-ориентирано програмирање', 6, 1, 2) GO INSERT [dbo].[Course] ([ID], [Name], [Credit], [AcademicYear], [Semester]) VALUES (10, N'Спорт и здравје', 6, 1, 2) GO INSERT [dbo].[Course] ([ID], [Name], [Credit], [AcademicYear], [Semester]) VALUES (11, N'Инженерска математика', 6, 2, 3) GO INSERT [dbo].[Course] ([ID], [Name], [Credit], [AcademicYear], [Semester]) VALUES (12, N'Интернет програмирање на клиентска страна', 6, 2, 3) GO INSERT [dbo].[Course] ([ID], [Name], [Credit], [AcademicYear], [Semester]) VALUES (13, N'Алгоритми и податочни структури', 6, 2, 3) GO INSERT [dbo].[Course] ([ID], [Name], [Credit], [AcademicYear], [Semester]) VALUES (14, N'Веројатност и статистика', 6, 2, 3) GO INSERT [dbo].[Course] ([ID], [Name], [Credit], [AcademicYear], [Semester]) VALUES (15, N'Компјутерски мрежи и безбедност', 6, 2, 3) GO INSERT [dbo].[Course] ([ID], [Name], [Credit], [AcademicYear], [Semester]) VALUES (16, N'Вештачка интелигенција', 6, 2, 4) GO INSERT [dbo].[Course] ([ID], [Name], [Credit], [AcademicYear], [Semester]) VALUES (17, N'Дигитално процесирање на слика', 6, 2, 4) GO INSERT [dbo].[Course] ([ID], [Name], [Credit], [AcademicYear], [Semester]) VALUES (18, N'Дизајн на алгоритми', 6, 2, 4) GO INSERT [dbo].[Course] ([ID], [Name], [Credit], [AcademicYear], [Semester]) VALUES (19, N'Анализа на софтверските барања', 6, 2, 4) GO INSERT [dbo].[Course] ([ID], [Name], [Credit], [AcademicYear], [Semester]) VALUES (20, N'Оперативни системи', 6, 2, 4) GO INSERT [dbo].[Course] ([ID], [Name], [Credit], [AcademicYear], [Semester]) VALUES (21, N'Информациска безбедност', 6, 3, 5) GO INSERT [dbo].[Course] ([ID], [Name], [Credit], [AcademicYear], [Semester]) VALUES (22, N'Напреден веб дизајн', 6, 3, 5) GO INSERT [dbo].[Course] ([ID], [Name], [Credit], [AcademicYear], [Semester]) VALUES (23, N'Бази на податоци', 6, 3, 5) GO INSERT [dbo].[Course] ([ID], [Name], [Credit], [AcademicYear], [Semester]) VALUES (24, N'Вовед во науката за податоци', 6, 3, 5) GO INSERT [dbo].[Course] ([ID], [Name], [Credit], [AcademicYear], [Semester]) VALUES (25, N'Дизајн и архитектура на софтвер', 6, 3, 5) GO INSERT [dbo].[Course] ([ID], [Name], [Credit], [AcademicYear], [Semester]) VALUES (26, N'Машинско учење', 6, 3, 6) GO INSERT [dbo].[Course] ([ID], [Name], [Credit], [AcademicYear], [Semester]) VALUES (27, N'Податочно рударство', 6, 3, 6) GO INSERT [dbo].[Course] ([ID], [Name], [Credit], [AcademicYear], [Semester]) VALUES (28, N'Дизајн на интеракцијата човек-компјутер', 6, 3, 6) GO INSERT [dbo].[Course] ([ID], [Name], [Credit], [AcademicYear], [Semester]) VALUES (29, N'Интегрирани системи', 6, 3, 6) GO INSERT [dbo].[Course] ([ID], [Name], [Credit], [AcademicYear], [Semester]) VALUES (30, N'Софтверски квалитет и тестирање', 6, 3, 6) GO INSERT [dbo].[Course] ([ID], [Name], [Credit], [AcademicYear], [Semester]) VALUES (31, N'Администрација на бази на податоци', 6, 4, 7) GO INSERT [dbo].[Course] ([ID], [Name], [Credit], [AcademicYear], [Semester]) VALUES (32, N'Операциони истражувања', 6, 4, 7) GO INSERT [dbo].[Course] ([ID], [Name], [Credit], [AcademicYear], [Semester]) VALUES (33, N'Рударење на масивни податоци', 6, 4, 7) GO INSERT [dbo].[Course] ([ID], [Name], [Credit], [AcademicYear], [Semester]) VALUES (34, N'Програмирање на видео игри', 6, 4, 7) GO INSERT [dbo].[Course] ([ID], [Name], [Credit], [AcademicYear], [Semester]) VALUES (35, N'Тимски проект', 6, 4, 7) GO INSERT [dbo].[Course] ([ID], [Name], [Credit], [AcademicYear], [Semester]) VALUES (36, N'Дипломска работа', 6, 4, 8) GO INSERT [dbo].[Course] ([ID], [Name], [Credit], [AcademicYear], [Semester]) VALUES (37, N'Напредни бази на податоци', 6, 4, 8) GO INSERT [dbo].[Course] ([ID], [Name], [Credit], [AcademicYear], [Semester]) VALUES (38, N'Интелигентни информациски системи', 6, 4, 8) GO INSERT [dbo].[Course] ([ID], [Name], [Credit], [AcademicYear], [Semester]) VALUES (39, N'Складови на податоци и аналитичка обработка', 6, 4, 8) GO INSERT [dbo].[Course] ([ID], [Name], [Credit], [AcademicYear], [Semester]) VALUES (40, N'Управување со ИКТ проекти', 6, 4, 8) GO SET IDENTITY_INSERT [dbo].[Course] OFF GO SET IDENTITY_INSERT [dbo].[Grade] ON GO INSERT [dbo].[Grade] ([ID], [StudentID], [CourseID], [TeacherID], [Grade], [Comment], [CreatedDate]) VALUES (0, 111, 0, 82, 10, N'Dobar', CAST(N'1999-02-05T00:00:00.000' AS DateTime)) GO INSERT [dbo].[Grade] ([ID], [StudentID], [CourseID], [TeacherID], [Grade], [Comment], [CreatedDate]) VALUES (1, 111, 1, 1, 9, N'Komunikativen', CAST(N'1999-03-19T00:00:00.000' AS DateTime)) GO INSERT [dbo].[Grade] ([ID], [StudentID], [CourseID], [TeacherID], [Grade], [Comment], [CreatedDate]) VALUES (2, 111, 2, 2, 10, N'Neredoven', CAST(N'1998-07-13T00:00:00.000' AS DateTime)) GO INSERT [dbo].[Grade] ([ID], [StudentID], [CourseID], [TeacherID], [Grade], [Comment], [CreatedDate]) VALUES (3, 111, 3, 85, 10, N'Neispolnitelen', CAST(N'1998-11-08T00:00:00.000' AS DateTime)) GO INSERT [dbo].[Grade] ([ID], [StudentID], [CourseID], [TeacherID], [Grade], [Comment], [CreatedDate]) VALUES (4, 111, 4, 4, 8, N'Snaodliv', CAST(N'1998-09-01T00:00:00.000' AS DateTime)) GO INSERT [dbo].[Grade] ([ID], [StudentID], [CourseID], [TeacherID], [Grade], [Comment], [CreatedDate]) VALUES (5, 111, 5, 5, 10, N'Neredoven', CAST(N'1999-08-03T00:00:00.000' AS DateTime)) GO INSERT [dbo].[Grade] ([ID], [StudentID], [CourseID], [TeacherID], [Grade], [Comment], [CreatedDate]) VALUES (6, 111, 6, 6, 10, N'Komunikativen', CAST(N'1999-07-16T00:00:00.000' AS DateTime)) GO INSERT [dbo].[Grade] ([ID], [StudentID], [CourseID], [TeacherID], [Grade], [Comment], [CreatedDate]) VALUES (7, 111, 7, 7, 9, N'Dobar', CAST(N'1999-02-22T00:00:00.000' AS DateTime)) GO INSERT [dbo].[Grade] ([ID], [StudentID], [CourseID], [TeacherID], [Grade], [Comment], [CreatedDate]) VALUES (8, 111, 8, 8, 10, N'Komunikativen', CAST(N'1998-10-17T00:00:00.000' AS DateTime)) GO INSERT [dbo].[Grade] ([ID], [StudentID], [CourseID], [TeacherID], [Grade], [Comment], [CreatedDate]) VALUES (9, 111, 9, 9, 10, N'Neredoven', CAST(N'1998-11-13T00:00:00.000' AS DateTime)) GO INSERT [dbo].[Grade] ([ID], [StudentID], [CourseID], [TeacherID], [Grade], [Comment], [CreatedDate]) VALUES (10, 111, 10, 10, 9, N'Snaodliv', CAST(N'1999-06-29T00:00:00.000' AS DateTime)) GO INSERT [dbo].[Grade] ([ID], [StudentID], [CourseID], [TeacherID], [Grade], [Comment], [CreatedDate]) VALUES (11, 111, 11, 11, 9, N'Snaodliv', CAST(N'2000-02-06T00:00:00.000' AS DateTime)) GO INSERT [dbo].[Grade] ([ID], [StudentID], [CourseID], [TeacherID], [Grade], [Comment], [CreatedDate]) VALUES (12, 111, 12, 12, 9, N'Neredoven', CAST(N'1999-10-13T00:00:00.000' AS DateTime)) GO INSERT [dbo].[Grade] ([ID], [StudentID], [CourseID], [TeacherID], [Grade], [Comment], [CreatedDate]) VALUES (13, 111, 13, 13, 8, N'Komunikativen', CAST(N'2000-03-03T00:00:00.000' AS DateTime)) GO INSERT [dbo].[Grade] ([ID], [StudentID], [CourseID], [TeacherID], [Grade], [Comment], [CreatedDate]) VALUES (14, 111, 14, 14, 8, N'Dobar', CAST(N'2000-03-10T00:00:00.000' AS DateTime)) GO INSERT [dbo].[Grade] ([ID], [StudentID], [CourseID], [TeacherID], [Grade], [Comment], [CreatedDate]) VALUES (15, 111, 15, 15, 10, N'Komunikativen', CAST(N'1999-04-16T00:00:00.000' AS DateTime)) GO INSERT [dbo].[Grade] ([ID], [StudentID], [CourseID], [TeacherID], [Grade], [Comment], [CreatedDate]) VALUES (16, 111, 16, 16, 8, N'Neredoven', CAST(N'2000-08-31T00:00:00.000' AS DateTime)) GO INSERT [dbo].[Grade] ([ID], [StudentID], [CourseID], [TeacherID], [Grade], [Comment], [CreatedDate]) VALUES (17, 111, 17, 17, 8, N'Snaodliv', CAST(N'2000-05-18T00:00:00.000' AS DateTime)) GO INSERT [dbo].[Grade] ([ID], [StudentID], [CourseID], [TeacherID], [Grade], [Comment], [CreatedDate]) VALUES (18, 111, 18, 18, 10, N'Snaodliv', CAST(N'2000-02-23T00:00:00.000' AS DateTime)) GO INSERT [dbo].[Grade] ([ID], [StudentID], [CourseID], [TeacherID], [Grade], [Comment], [CreatedDate]) VALUES (19, 111, 19, 19, 10, N'Neredoven', CAST(N'2000-07-31T00:00:00.000' AS DateTime)) GO INSERT [dbo].[Grade] ([ID], [StudentID], [CourseID], [TeacherID], [Grade], [Comment], [CreatedDate]) VALUES (20, 111, 20, 20, 9, N'Komunikativen', CAST(N'2000-06-08T00:00:00.000' AS DateTime)) GO INSERT [dbo].[Grade] ([ID], [StudentID], [CourseID], [TeacherID], [Grade], [Comment], [CreatedDate]) VALUES (21, 111, 21, 21, 9, N'Dobar', CAST(N'2000-05-20T00:00:00.000' AS DateTime)) GO INSERT [dbo].[Grade] ([ID], [StudentID], [CourseID], [TeacherID], [Grade], [Comment], [CreatedDate]) VALUES (22, 111, 22, 22, 9, N'Komunikativen', CAST(N'2000-05-15T00:00:00.000' AS DateTime)) GO INSERT [dbo].[Grade] ([ID], [StudentID], [CourseID], [TeacherID], [Grade], [Comment], [CreatedDate]) VALUES (23, 111, 23, 23, 10, N'Neredoven', CAST(N'2001-03-07T00:00:00.000' AS DateTime)) GO INSERT [dbo].[Grade] ([ID], [StudentID], [CourseID], [TeacherID], [Grade], [Comment], [CreatedDate]) VALUES (24, 111, 24, 24, 9, N'Snaodliv', CAST(N'2000-08-06T00:00:00.000' AS DateTime)) GO INSERT [dbo].[Grade] ([ID], [StudentID], [CourseID], [TeacherID], [Grade], [Comment], [CreatedDate]) VALUES (25, 111, 25, 25, 9, N'Snaodliv', CAST(N'2000-03-30T00:00:00.000' AS DateTime)) GO INSERT [dbo].[Grade] ([ID], [StudentID], [CourseID], [TeacherID], [Grade], [Comment], [CreatedDate]) VALUES (26, 111, 26, 26, 10, N'Neredoven', CAST(N'2001-07-13T00:00:00.000' AS DateTime)) GO INSERT [dbo].[Grade] ([ID], [StudentID], [CourseID], [TeacherID], [Grade], [Comment], [CreatedDate]) VALUES (27, 111, 27, 27, 10, N'Komunikativen', CAST(N'2001-04-04T00:00:00.000' AS DateTime)) GO INSERT [dbo].[Grade] ([ID], [StudentID], [CourseID], [TeacherID], [Grade], [Comment], [CreatedDate]) VALUES (28, 111, 28, 28, 10, N'Dobar', CAST(N'2001-05-25T00:00:00.000' AS DateTime)) GO INSERT [dbo].[Grade] ([ID], [StudentID], [CourseID], [TeacherID], [Grade], [Comment], [CreatedDate]) VALUES (29, 111, 29, 70, 9, N'Dobar', CAST(N'2000-11-23T00:00:00.000' AS DateTime)) GO INSERT [dbo].[Grade] ([ID], [StudentID], [CourseID], [TeacherID], [Grade], [Comment], [CreatedDate]) VALUES (30, 111, 30, 30, 8, N'Neredoven', CAST(N'2001-03-31T00:00:00.000' AS DateTime)) GO INSERT [dbo].[Grade] ([ID], [StudentID], [CourseID], [TeacherID], [Grade], [Comment], [CreatedDate]) VALUES (31, 111, 31, 31, 10, N'Snaodliv', CAST(N'2001-06-02T00:00:00.000' AS DateTime)) GO INSERT [dbo].[Grade] ([ID], [StudentID], [CourseID], [TeacherID], [Grade], [Comment], [CreatedDate]) VALUES (32, 111, 32, 32, 9, N'Snaodliv', CAST(N'2001-08-17T00:00:00.000' AS DateTime)) GO INSERT [dbo].[Grade] ([ID], [StudentID], [CourseID], [TeacherID], [Grade], [Comment], [CreatedDate]) VALUES (33, 111, 33, 33, 9, N'Neredoven', CAST(N'2001-07-31T00:00:00.000' AS DateTime)) GO INSERT [dbo].[Grade] ([ID], [StudentID], [CourseID], [TeacherID], [Grade], [Comment], [CreatedDate]) VALUES (34, 111, 34, 34, 9, N'Komunikativen', CAST(N'2002-02-15T00:00:00.000' AS DateTime)) GO INSERT [dbo].[Grade] ([ID], [StudentID], [CourseID], [TeacherID], [Grade], [Comment], [CreatedDate]) VALUES (35, 111, 35, 76, 8, N'Dobar', CAST(N'2001-10-21T00:00:00.000' AS DateTime)) GO INSERT [dbo].[Grade] ([ID], [StudentID], [CourseID], [TeacherID], [Grade], [Comment], [CreatedDate]) VALUES (36, 111, 36, 36, 10, N'Komunikativen', CAST(N'2002-01-11T00:00:00.000' AS DateTime)) GO INSERT [dbo].[Grade] ([ID], [StudentID], [CourseID], [TeacherID], [Grade], [Comment], [CreatedDate]) VALUES (37, 111, 37, 37, 8, N'Neredoven', CAST(N'2001-10-12T00:00:00.000' AS DateTime)) GO INSERT [dbo].[Grade] ([ID], [StudentID], [CourseID], [TeacherID], [Grade], [Comment], [CreatedDate]) VALUES (38, 111, 38, 38, 9, N'Snaodliv', CAST(N'2001-10-11T00:00:00.000' AS DateTime)) GO INSERT [dbo].[Grade] ([ID], [StudentID], [CourseID], [TeacherID], [Grade], [Comment], [CreatedDate]) VALUES (39, 111, 39, 39, 8, N'Snaodliv', CAST(N'2002-06-07T00:00:00.000' AS DateTime)) GO INSERT [dbo].[Grade] ([ID], [StudentID], [CourseID], [TeacherID], [Grade], [Comment], [CreatedDate]) VALUES (40, 111, 40, 81, 10, N'Trudoljubiv', CAST(N'2001-12-28T00:00:00.000' AS DateTime)) GO INSERT [dbo].[Grade] ([ID], [StudentID], [CourseID], [TeacherID], [Grade], [Comment], [CreatedDate]) VALUES (41, 372, 0, 82, 10, N'Dobar', CAST(N'1998-10-13T00:00:00.000' AS DateTime)) GO INSERT [dbo].[Grade] ([ID], [StudentID], [CourseID], [TeacherID], [Grade], [Comment], [CreatedDate]) VALUES (42, 372, 1, 1, 8, N'Trudoljubiv', CAST(N'1998-10-31T00:00:00.000' AS DateTime)) GO INSERT [dbo].[Grade] ([ID], [StudentID], [CourseID], [TeacherID], [Grade], [Comment], [CreatedDate]) VALUES (43, 372, 2, 84, 10, N'Dobar', CAST(N'1998-09-22T00:00:00.000' AS DateTime)) GO INSERT [dbo].[Grade] ([ID], [StudentID], [CourseID], [TeacherID], [Grade], [Comment], [CreatedDate]) VALUES (44, 372, 3, 3, 8, N'Vreden', CAST(N'1998-06-25T00:00:00.000' AS DateTime)) GO INSERT [dbo].[Grade] ([ID], [StudentID], [CourseID], [TeacherID], [Grade], [Comment], [CreatedDate]) VALUES (45, 372, 4, 4, 9, N'Vreden', CAST(N'1998-09-04T00:00:00.000' AS DateTime)) GO INSERT [dbo].[Grade] ([ID], [StudentID], [CourseID], [TeacherID], [Grade], [Comment], [CreatedDate]) VALUES (46, 372, 5, 5, 9, N'Neispolnitelen', CAST(N'1999-01-31T00:00:00.000' AS DateTime)) GO INSERT [dbo].[Grade] ([ID], [StudentID], [CourseID], [TeacherID], [Grade], [Comment], [CreatedDate]) VALUES (47, 372, 6, 6, 10, N'Trudoljubiv', CAST(N'1999-08-30T00:00:00.000' AS DateTime)) GO INSERT [dbo].[Grade] ([ID], [StudentID], [CourseID], [TeacherID], [Grade], [Comment], [CreatedDate]) VALUES (48, 372, 7, 7, 9, N'Dobar', CAST(N'1999-10-04T00:00:00.000' AS DateTime)) GO INSERT [dbo].[Grade] ([ID], [StudentID], [CourseID], [TeacherID], [Grade], [Comment], [CreatedDate]) VALUES (49, 372, 8, 8, 9, N'Trudoljubiv', CAST(N'1998-11-30T00:00:00.000' AS DateTime)) GO INSERT [dbo].[Grade] ([ID], [StudentID], [CourseID], [TeacherID], [Grade], [Comment], [CreatedDate]) VALUES (50, 372, 9, 50, 10, N'Vreden', CAST(N'1999-07-18T00:00:00.000' AS DateTime)) GO INSERT [dbo].[Grade] ([ID], [StudentID], [CourseID], [TeacherID], [Grade], [Comment], [CreatedDate]) VALUES (51, 372, 10, 51, 8, N'Komunikativen', CAST(N'1999-02-05T00:00:00.000' AS DateTime)) GO INSERT [dbo].[Grade] ([ID], [StudentID], [CourseID], [TeacherID], [Grade], [Comment], [CreatedDate]) VALUES (52, 372, 11, 11, 8, N'Vreden', CAST(N'1999-11-25T00:00:00.000' AS DateTime)) GO INSERT [dbo].[Grade] ([ID], [StudentID], [CourseID], [TeacherID], [Grade], [Comment], [CreatedDate]) VALUES (53, 372, 12, 12, 10, N'Neispolnitelen', CAST(N'2000-04-09T00:00:00.000' AS DateTime)) GO INSERT [dbo].[Grade] ([ID], [StudentID], [CourseID], [TeacherID], [Grade], [Comment], [CreatedDate]) VALUES (54, 372, 13, 13, 8, N'Trudoljubiv', CAST(N'1999-09-19T00:00:00.000' AS DateTime)) GO INSERT [dbo].[Grade] ([ID], [StudentID], [CourseID], [TeacherID], [Grade], [Comment], [CreatedDate]) VALUES (55, 372, 14, 14, 8, N'Dobar', CAST(N'1999-07-08T00:00:00.000' AS DateTime)) GO INSERT [dbo].[Grade] ([ID], [StudentID], [CourseID], [TeacherID], [Grade], [Comment], [CreatedDate]) VALUES (56, 372, 15, 15, 8, N'Trudoljubiv', CAST(N'2000-03-22T00:00:00.000' AS DateTime)) GO INSERT [dbo].[Grade] ([ID], [StudentID], [CourseID], [TeacherID], [Grade], [Comment], [CreatedDate]) VALUES (57, 372, 16, 16, 8, N'Neispolnitelen', CAST(N'1999-12-08T00:00:00.000' AS DateTime)) GO INSERT [dbo].[Grade] ([ID], [StudentID], [CourseID], [TeacherID], [Grade], [Comment], [CreatedDate]) VALUES (58, 372, 17, 58, 10, N'Komunikativen', CAST(N'2000-03-02T00:00:00.000' AS DateTime)) GO INSERT [dbo].[Grade] ([ID], [StudentID], [CourseID], [TeacherID], [Grade], [Comment], [CreatedDate]) VALUES (59, 372, 18, 18, 9, N'Vreden', CAST(N'2000-03-20T00:00:00.000' AS DateTime)) GO INSERT [dbo].[Grade] ([ID], [StudentID], [CourseID], [TeacherID], [Grade], [Comment], [CreatedDate]) VALUES (60, 372, 19, 19, 10, N'Neispolnitelen', CAST(N'2000-01-04T00:00:00.000' AS DateTime)) GO INSERT [dbo].[Grade] ([ID], [StudentID], [CourseID], [TeacherID], [Grade], [Comment], [CreatedDate]) VALUES (61, 372, 20, 20, 8, N'Trudoljubiv', CAST(N'2000-01-06T00:00:00.000' AS DateTime)) GO INSERT [dbo].[Grade] ([ID], [StudentID], [CourseID], [TeacherID], [Grade], [Comment], [CreatedDate]) VALUES (62, 372, 21, 21, 8, N'Dobar', CAST(N'2000-10-09T00:00:00.000' AS DateTime)) GO INSERT [dbo].[Grade] ([ID], [StudentID], [CourseID], [TeacherID], [Grade], [Comment], [CreatedDate]) VALUES (63, 372, 22, 22, 8, N'Trudoljubiv', CAST(N'2001-04-26T00:00:00.000' AS DateTime)) GO INSERT [dbo].[Grade] ([ID], [StudentID], [CourseID], [TeacherID], [Grade], [Comment], [CreatedDate]) VALUES (64, 372, 23, 23, 9, N'Neispolnitelen', CAST(N'2000-09-25T00:00:00.000' AS DateTime)) GO INSERT [dbo].[Grade] ([ID], [StudentID], [CourseID], [TeacherID], [Grade], [Comment], [CreatedDate]) VALUES (65, 372, 24, 24, 9, N'Vreden', CAST(N'2001-04-05T00:00:00.000' AS DateTime)) GO INSERT [dbo].[Grade] ([ID], [StudentID], [CourseID], [TeacherID], [Grade], [Comment], [CreatedDate]) VALUES (66, 372, 25, 25, 9, N'Vreden', CAST(N'2001-04-10T00:00:00.000' AS DateTime)) GO INSERT [dbo].[Grade] ([ID], [StudentID], [CourseID], [TeacherID], [Grade], [Comment], [CreatedDate]) VALUES (67, 372, 26, 26, 8, N'Neispolnitelen', CAST(N'2001-08-27T00:00:00.000' AS DateTime)) GO INSERT [dbo].[Grade] ([ID], [StudentID], [CourseID], [TeacherID], [Grade], [Comment], [CreatedDate]) VALUES (68, 372, 27, 27, 9, N'Trudoljubiv', CAST(N'2001-04-07T00:00:00.000' AS DateTime)) GO INSERT [dbo].[Grade] ([ID], [StudentID], [CourseID], [TeacherID], [Grade], [Comment], [CreatedDate]) VALUES (69, 372, 28, 28, 8, N'Dobar', CAST(N'2001-04-20T00:00:00.000' AS DateTime)) GO INSERT [dbo].[Grade] ([ID], [StudentID], [CourseID], [TeacherID], [Grade], [Comment], [CreatedDate]) VALUES (70, 372, 29, 70, 9, N'Dobar', CAST(N'2001-11-15T00:00:00.000' AS DateTime)) GO INSERT [dbo].[Grade] ([ID], [StudentID], [CourseID], [TeacherID], [Grade], [Comment], [CreatedDate]) VALUES (71, 372, 30, 71, 8, N'Vreden', CAST(N'2001-05-21T00:00:00.000' AS DateTime)) GO INSERT [dbo].[Grade] ([ID], [StudentID], [CourseID], [TeacherID], [Grade], [Comment], [CreatedDate]) VALUES (72, 372, 31, 31, 8, N'Vreden', CAST(N'2001-08-23T00:00:00.000' AS DateTime)) GO INSERT [dbo].[Grade] ([ID], [StudentID], [CourseID], [TeacherID], [Grade], [Comment], [CreatedDate]) VALUES (73, 372, 32, 73, 8, N'Snaodliv', CAST(N'2002-05-04T00:00:00.000' AS DateTime)) GO INSERT [dbo].[Grade] ([ID], [StudentID], [CourseID], [TeacherID], [Grade], [Comment], [CreatedDate]) VALUES (74, 372, 33, 33, 8, N'Neispolnitelen', CAST(N'2001-09-18T00:00:00.000' AS DateTime)) GO INSERT [dbo].[Grade] ([ID], [StudentID], [CourseID], [TeacherID], [Grade], [Comment], [CreatedDate]) VALUES (75, 372, 34, 34, 9, N'Trudoljubiv', CAST(N'2001-05-17T00:00:00.000' AS DateTime)) GO INSERT [dbo].[Grade] ([ID], [StudentID], [CourseID], [TeacherID], [Grade], [Comment], [CreatedDate]) VALUES (76, 372, 35, 76, 8, N'Dobar', CAST(N'2001-10-07T00:00:00.000' AS DateTime)) GO INSERT [dbo].[Grade] ([ID], [StudentID], [CourseID], [TeacherID], [Grade], [Comment], [CreatedDate]) VALUES (77, 372, 36, 36, 8, N'Trudoljubiv', CAST(N'2002-06-19T00:00:00.000' AS DateTime)) GO INSERT [dbo].[Grade] ([ID], [StudentID], [CourseID], [TeacherID], [Grade], [Comment], [CreatedDate]) VALUES (78, 372, 37, 37, 10, N'Neispolnitelen', CAST(N'2001-12-09T00:00:00.000' AS DateTime)) GO INSERT [dbo].[Grade] ([ID], [StudentID], [CourseID], [TeacherID], [Grade], [Comment], [CreatedDate]) VALUES (79, 372, 38, 38, 9, N'Vreden', CAST(N'2002-03-13T00:00:00.000' AS DateTime)) GO INSERT [dbo].[Grade] ([ID], [StudentID], [CourseID], [TeacherID], [Grade], [Comment], [CreatedDate]) VALUES (80, 372, 39, 39, 8, N'Vreden', CAST(N'2002-11-09T00:00:00.000' AS DateTime)) GO INSERT [dbo].[Grade] ([ID], [StudentID], [CourseID], [TeacherID], [Grade], [Comment], [CreatedDate]) VALUES (81, 372, 40, 40, 8, N'Neispolnitelen', CAST(N'2002-06-17T00:00:00.000' AS DateTime)) GO INSERT [dbo].[Grade] ([ID], [StudentID], [CourseID], [TeacherID], [Grade], [Comment], [CreatedDate]) VALUES (82, 248, 0, 0, 6, N'Dobar', CAST(N'1999-05-24T00:00:00.000' AS DateTime)) GO INSERT [dbo].[Grade] ([ID], [StudentID], [CourseID], [TeacherID], [Grade], [Comment], [CreatedDate]) VALUES (83, 248, 1, 1, 6, N'Neredoven', CAST(N'1998-08-13T00:00:00.000' AS DateTime)) GO INSERT [dbo].[Grade] ([ID], [StudentID], [CourseID], [TeacherID], [Grade], [Comment], [CreatedDate]) VALUES (84, 248, 2, 84, 10, N'Dobar', CAST(N'1998-11-28T00:00:00.000' AS DateTime)) GO INSERT [dbo].[Grade] ([ID], [StudentID], [CourseID], [TeacherID], [Grade], [Comment], [CreatedDate]) VALUES (85, 248, 3, 85, 6, N'Vreden', CAST(N'1999-04-07T00:00:00.000' AS DateTime)) GO INSERT [dbo].[Grade] ([ID], [StudentID], [CourseID], [TeacherID], [Grade], [Comment], [CreatedDate]) VALUES (86, 248, 4, 4, 9, N'Komunikativen', CAST(N'1998-10-20T00:00:00.000' AS DateTime)) GO INSERT [dbo].[Grade] ([ID], [StudentID], [CourseID], [TeacherID], [Grade], [Comment], [CreatedDate]) VALUES (87, 248, 5, 5, 6, N'Snaodliv', CAST(N'1999-04-06T00:00:00.000' AS DateTime)) GO INSERT [dbo].[Grade] ([ID], [StudentID], [CourseID], [TeacherID], [Grade], [Comment], [CreatedDate]) VALUES (88, 248, 6, 6, 10, N'Neredoven', CAST(N'1999-08-23T00:00:00.000' AS DateTime)) GO INSERT [dbo].[Grade] ([ID], [StudentID], [CourseID], [TeacherID], [Grade], [Comment], [CreatedDate]) VALUES (89, 248, 7, 7, 6, N'Dobar', CAST(N'2000-01-22T00:00:00.000' AS DateTime)) GO INSERT [dbo].[Grade] ([ID], [StudentID], [CourseID], [TeacherID], [Grade], [Comment], [CreatedDate]) VALUES (90, 248, 8, 8, 8, N'Neredoven', CAST(N'1999-08-29T00:00:00.000' AS DateTime)) GO INSERT [dbo].[Grade] ([ID], [StudentID], [CourseID], [TeacherID], [Grade], [Comment], [CreatedDate]) VALUES (91, 248, 9, 9, 6, N'Snaodliv', CAST(N'1999-09-13T00:00:00.000' AS DateTime)) GO INSERT [dbo].[Grade] ([ID], [StudentID], [CourseID], [TeacherID], [Grade], [Comment], [CreatedDate]) VALUES (92, 248, 10, 51, 10, N'Neispolnitelen', CAST(N'1999-11-11T00:00:00.000' AS DateTime)) GO INSERT [dbo].[Grade] ([ID], [StudentID], [CourseID], [TeacherID], [Grade], [Comment], [CreatedDate]) VALUES (93, 248, 11, 11, 10, N'Komunikativen', CAST(N'2000-04-13T00:00:00.000' AS DateTime)) GO INSERT [dbo].[Grade] ([ID], [StudentID], [CourseID], [TeacherID], [Grade], [Comment], [CreatedDate]) VALUES (94, 248, 12, 12, 7, N'Snaodliv', CAST(N'1999-09-05T00:00:00.000' AS DateTime)) GO INSERT [dbo].[Grade] ([ID], [StudentID], [CourseID], [TeacherID], [Grade], [Comment], [CreatedDate]) VALUES (95, 248, 13, 13, 7, N'Neredoven', CAST(N'1999-12-08T00:00:00.000' AS DateTime)) GO INSERT [dbo].[Grade] ([ID], [StudentID], [CourseID], [TeacherID], [Grade], [Comment], [CreatedDate]) VALUES (96, 248, 14, 14, 10, N'Dobar', CAST(N'1999-11-26T00:00:00.000' AS DateTime)) GO INSERT [dbo].[Grade] ([ID], [StudentID], [CourseID], [TeacherID], [Grade], [Comment], [CreatedDate]) VALUES (97, 248, 15, 15, 6, N'Neredoven', CAST(N'2000-06-12T00:00:00.000' AS DateTime)) GO INSERT [dbo].[Grade] ([ID], [StudentID], [CourseID], [TeacherID], [Grade], [Comment], [CreatedDate]) VALUES (98, 248, 16, 16, 7, N'Snaodliv', CAST(N'2000-08-19T00:00:00.000' AS DateTime)) GO INSERT [dbo].[Grade] ([ID], [StudentID], [CourseID], [TeacherID], [Grade], [Comment], [CreatedDate]) VALUES (99, 248, 17, 58, 9, N'Neispolnitelen', CAST(N'2000-07-30T00:00:00.000' AS DateTime)) GO INSERT [dbo].[Grade] ([ID], [StudentID], [CourseID], [TeacherID], [Grade], [Comment], [CreatedDate]) VALUES (100, 248, 18, 18, 7, N'Komunikativen', CAST(N'2000-04-29T00:00:00.000' AS DateTime)) GO INSERT [dbo].[Grade] ([ID], [StudentID], [CourseID], [TeacherID], [Grade], [Comment], [CreatedDate]) VALUES (101, 248, 19, 19, 9, N'Snaodliv', CAST(N'2000-09-07T00:00:00.000' AS DateTime)) GO INSERT [dbo].[Grade] ([ID], [StudentID], [CourseID], [TeacherID], [Grade], [Comment], [CreatedDate]) VALUES (102, 248, 20, 20, 10, N'Neredoven', CAST(N'2000-02-03T00:00:00.000' AS DateTime)) GO INSERT [dbo].[Grade] ([ID], [StudentID], [CourseID], [TeacherID], [Grade], [Comment], [CreatedDate]) VALUES (103, 248, 21, 21, 7, N'Dobar', CAST(N'2000-10-09T00:00:00.000' AS DateTime)) GO INSERT [dbo].[Grade] ([ID], [StudentID], [CourseID], [TeacherID], [Grade], [Comment], [CreatedDate]) VALUES (104, 248, 22, 22, 8, N'Neredoven', CAST(N'2000-12-01T00:00:00.000' AS DateTime)) GO INSERT [dbo].[Grade] ([ID], [StudentID], [CourseID], [TeacherID], [Grade], [Comment], [CreatedDate]) VALUES (105, 248, 23, 23, 9, N'Snaodliv', CAST(N'2001-05-11T00:00:00.000' AS DateTime)) GO INSERT [dbo].[Grade] ([ID], [StudentID], [CourseID], [TeacherID], [Grade], [Comment], [CreatedDate]) VALUES (106, 248, 24, 24, 6, N'Komunikativen', CAST(N'2000-09-23T00:00:00.000' AS DateTime)) GO INSERT [dbo].[Grade] ([ID], [StudentID], [CourseID], [TeacherID], [Grade], [Comment], [CreatedDate]) VALUES (107, 248, 25, 25, 8, N'Komunikativen', CAST(N'2001-01-12T00:00:00.000' AS DateTime)) GO INSERT [dbo].[Grade] ([ID], [StudentID], [CourseID], [TeacherID], [Grade], [Comment], [CreatedDate]) VALUES (108, 248, 26, 26, 10, N'Snaodliv', CAST(N'2001-07-27T00:00:00.000' AS DateTime)) GO INSERT [dbo].[Grade] ([ID], [StudentID], [CourseID], [TeacherID], [Grade], [Comment], [CreatedDate]) VALUES (109, 248, 27, 27, 9, N'Neredoven', CAST(N'2001-03-06T00:00:00.000' AS DateTime)) GO INSERT [dbo].[Grade] ([ID], [StudentID], [CourseID], [TeacherID], [Grade], [Comment], [CreatedDate]) VALUES (110, 248, 28, 28, 6, N'Dobar', CAST(N'2001-04-18T00:00:00.000' AS DateTime)) GO INSERT [dbo].[Grade] ([ID], [StudentID], [CourseID], [TeacherID], [Grade], [Comment], [CreatedDate]) VALUES (111, 248, 29, 70, 9, N'Dobar', CAST(N'2001-03-22T00:00:00.000' AS DateTime)) GO INSERT [dbo].[Grade] ([ID], [StudentID], [CourseID], [TeacherID], [Grade], [Comment], [CreatedDate]) VALUES (112, 248, 34, 34, 6, N'Neredoven', CAST(N'2002-03-03T00:00:00.000' AS DateTime)) GO INSERT [dbo].[Grade] ([ID], [StudentID], [CourseID], [TeacherID], [Grade], [Comment], [CreatedDate]) VALUES (113, 248, 35, 76, 9, N'Dobar', CAST(N'2001-10-25T00:00:00.000' AS DateTime)) GO INSERT [dbo].[Grade] ([ID], [StudentID], [CourseID], [TeacherID], [Grade], [Comment], [CreatedDate]) VALUES (114, 248, 36, 36, 9, N'Neredoven', CAST(N'2002-07-16T00:00:00.000' AS DateTime)) GO INSERT [dbo].[Grade] ([ID], [StudentID], [CourseID], [TeacherID], [Grade], [Comment], [CreatedDate]) VALUES (115, 248, 37, 37, 9, N'Snaodliv', CAST(N'2002-05-23T00:00:00.000' AS DateTime)) GO INSERT [dbo].[Grade] ([ID], [StudentID], [CourseID], [TeacherID], [Grade], [Comment], [CreatedDate]) VALUES (116, 248, 38, 38, 7, N'Komunikativen', CAST(N'2002-07-24T00:00:00.000' AS DateTime)) GO INSERT [dbo].[Grade] ([ID], [StudentID], [CourseID], [TeacherID], [Grade], [Comment], [CreatedDate]) VALUES (117, 248, 39, 39, 9, N'Komunikativen', CAST(N'2002-11-24T00:00:00.000' AS DateTime)) GO INSERT [dbo].[Grade] ([ID], [StudentID], [CourseID], [TeacherID], [Grade], [Comment], [CreatedDate]) VALUES (118, 404, 0, 82, 8, N'Dobar', CAST(N'1998-12-12T00:00:00.000' AS DateTime)) GO INSERT [dbo].[Grade] ([ID], [StudentID], [CourseID], [TeacherID], [Grade], [Comment], [CreatedDate]) VALUES (119, 404, 1, 1, 6, N'Snaodliv', CAST(N'1998-09-19T00:00:00.000' AS DateTime)) GO INSERT [dbo].[Grade] ([ID], [StudentID], [CourseID], [TeacherID], [Grade], [Comment], [CreatedDate]) VALUES (120, 404, 2, 2, 8, N'Komunikativen', CAST(N'1999-06-10T00:00:00.000' AS DateTime)) GO INSERT [dbo].[Grade] ([ID], [StudentID], [CourseID], [TeacherID], [Grade], [Comment], [CreatedDate]) VALUES (121, 404, 3, 3, 6, N'Neredoven', CAST(N'1999-01-20T00:00:00.000' AS DateTime)) GO INSERT [dbo].[Grade] ([ID], [StudentID], [CourseID], [TeacherID], [Grade], [Comment], [CreatedDate]) VALUES (122, 404, 4, 4, 9, N'Neredoven', CAST(N'1999-08-04T00:00:00.000' AS DateTime)) GO INSERT [dbo].[Grade] ([ID], [StudentID], [CourseID], [TeacherID], [Grade], [Comment], [CreatedDate]) VALUES (123, 404, 5, 5, 6, N'Komunikativen', CAST(N'1999-08-22T00:00:00.000' AS DateTime)) GO INSERT [dbo].[Grade] ([ID], [StudentID], [CourseID], [TeacherID], [Grade], [Comment], [CreatedDate]) VALUES (124, 404, 6, 6, 9, N'Snaodliv', CAST(N'1999-03-27T00:00:00.000' AS DateTime)) GO INSERT [dbo].[Grade] ([ID], [StudentID], [CourseID], [TeacherID], [Grade], [Comment], [CreatedDate]) VALUES (125, 404, 7, 7, 10, N'Dobar', CAST(N'1999-12-12T00:00:00.000' AS DateTime)) GO INSERT [dbo].[Grade] ([ID], [StudentID], [CourseID], [TeacherID], [Grade], [Comment], [CreatedDate]) VALUES (126, 404, 8, 8, 6, N'Snaodliv', CAST(N'1999-09-28T00:00:00.000' AS DateTime)) GO INSERT [dbo].[Grade] ([ID], [StudentID], [CourseID], [TeacherID], [Grade], [Comment], [CreatedDate]) VALUES (127, 404, 9, 50, 7, N'Neredoven', CAST(N'1999-07-24T00:00:00.000' AS DateTime)) GO INSERT [dbo].[Grade] ([ID], [StudentID], [CourseID], [TeacherID], [Grade], [Comment], [CreatedDate]) VALUES (128, 404, 10, 51, 7, N'Vreden', CAST(N'1999-08-06T00:00:00.000' AS DateTime)) GO INSERT [dbo].[Grade] ([ID], [StudentID], [CourseID], [TeacherID], [Grade], [Comment], [CreatedDate]) VALUES (129, 404, 11, 11, 7, N'Neredoven', CAST(N'1999-10-21T00:00:00.000' AS DateTime)) GO INSERT [dbo].[Grade] ([ID], [StudentID], [CourseID], [TeacherID], [Grade], [Comment], [CreatedDate]) VALUES (130, 404, 12, 12, 7, N'Komunikativen', CAST(N'2000-02-14T00:00:00.000' AS DateTime)) GO INSERT [dbo].[Grade] ([ID], [StudentID], [CourseID], [TeacherID], [Grade], [Comment], [CreatedDate]) VALUES (131, 404, 13, 13, 9, N'Snaodliv', CAST(N'2000-03-06T00:00:00.000' AS DateTime)) GO INSERT [dbo].[Grade] ([ID], [StudentID], [CourseID], [TeacherID], [Grade], [Comment], [CreatedDate]) VALUES (132, 404, 14, 14, 6, N'Dobar', CAST(N'2000-07-17T00:00:00.000' AS DateTime)) GO INSERT [dbo].[Grade] ([ID], [StudentID], [CourseID], [TeacherID], [Grade], [Comment], [CreatedDate]) VALUES (133, 404, 15, 15, 6, N'Snaodliv', CAST(N'1999-10-19T00:00:00.000' AS DateTime)) GO INSERT [dbo].[Grade] ([ID], [StudentID], [CourseID], [TeacherID], [Grade], [Comment], [CreatedDate]) VALUES (134, 404, 16, 16, 6, N'Komunikativen', CAST(N'2000-07-28T00:00:00.000' AS DateTime)) GO INSERT [dbo].[Grade] ([ID], [StudentID], [CourseID], [TeacherID], [Grade], [Comment], [CreatedDate]) VALUES (135, 404, 17, 58, 8, N'Vreden', CAST(N'2000-05-31T00:00:00.000' AS DateTime)) GO INSERT [dbo].[Grade] ([ID], [StudentID], [CourseID], [TeacherID], [Grade], [Comment], [CreatedDate]) VALUES (136, 404, 18, 18, 8, N'Neredoven', CAST(N'2000-07-06T00:00:00.000' AS DateTime)) GO INSERT [dbo].[Grade] ([ID], [StudentID], [CourseID], [TeacherID], [Grade], [Comment], [CreatedDate]) VALUES (137, 404, 19, 19, 6, N'Komunikativen', CAST(N'2000-02-04T00:00:00.000' AS DateTime)) GO INSERT [dbo].[Grade] ([ID], [StudentID], [CourseID], [TeacherID], [Grade], [Comment], [CreatedDate]) VALUES (138, 404, 20, 20, 7, N'Snaodliv', CAST(N'2000-10-16T00:00:00.000' AS DateTime)) GO INSERT [dbo].[Grade] ([ID], [StudentID], [CourseID], [TeacherID], [Grade], [Comment], [CreatedDate]) VALUES (139, 404, 21, 21, 8, N'Dobar', CAST(N'2001-02-05T00:00:00.000' AS DateTime)) GO INSERT [dbo].[Grade] ([ID], [StudentID], [CourseID], [TeacherID], [Grade], [Comment], [CreatedDate]) VALUES (140, 404, 22, 22, 9, N'Snaodliv', CAST(N'2001-06-10T00:00:00.000' AS DateTime)) GO INSERT [dbo].[Grade] ([ID], [StudentID], [CourseID], [TeacherID], [Grade], [Comment], [CreatedDate]) VALUES (141, 404, 23, 23, 7, N'Komunikativen', CAST(N'2000-08-25T00:00:00.000' AS DateTime)) GO INSERT [dbo].[Grade] ([ID], [StudentID], [CourseID], [TeacherID], [Grade], [Comment], [CreatedDate]) VALUES (142, 404, 24, 24, 9, N'Neredoven', CAST(N'2001-05-03T00:00:00.000' AS DateTime)) GO INSERT [dbo].[Grade] ([ID], [StudentID], [CourseID], [TeacherID], [Grade], [Comment], [CreatedDate]) VALUES (143, 404, 25, 25, 8, N'Neredoven', CAST(N'2000-11-02T00:00:00.000' AS DateTime)) GO INSERT [dbo].[Grade] ([ID], [StudentID], [CourseID], [TeacherID], [Grade], [Comment], [CreatedDate]) VALUES (144, 404, 26, 26, 7, N'Komunikativen', CAST(N'2001-05-07T00:00:00.000' AS DateTime)) GO INSERT [dbo].[Grade] ([ID], [StudentID], [CourseID], [TeacherID], [Grade], [Comment], [CreatedDate]) VALUES (145, 404, 27, 27, 8, N'Snaodliv', CAST(N'2001-04-30T00:00:00.000' AS DateTime)) GO INSERT [dbo].[Grade] ([ID], [StudentID], [CourseID], [TeacherID], [Grade], [Comment], [CreatedDate]) VALUES (146, 404, 28, 28, 10, N'Dobar', CAST(N'2001-07-20T00:00:00.000' AS DateTime)) GO INSERT [dbo].[Grade] ([ID], [StudentID], [CourseID], [TeacherID], [Grade], [Comment], [CreatedDate]) VALUES (147, 404, 29, 29, 7, N'Snaodliv', CAST(N'2001-05-19T00:00:00.000' AS DateTime)) GO INSERT [dbo].[Grade] ([ID], [StudentID], [CourseID], [TeacherID], [Grade], [Comment], [CreatedDate]) VALUES (148, 404, 30, 71, 6, N'Neredoven', CAST(N'2001-07-21T00:00:00.000' AS DateTime)) GO INSERT [dbo].[Grade] ([ID], [StudentID], [CourseID], [TeacherID], [Grade], [Comment], [CreatedDate]) VALUES (149, 404, 31, 31, 8, N'Neredoven', CAST(N'2001-09-27T00:00:00.000' AS DateTime)) GO INSERT [dbo].[Grade] ([ID], [StudentID], [CourseID], [TeacherID], [Grade], [Comment], [CreatedDate]) VALUES (150, 404, 32, 73, 6, N'Neispolnitelen', CAST(N'2002-03-25T00:00:00.000' AS DateTime)) GO INSERT [dbo].[Grade] ([ID], [StudentID], [CourseID], [TeacherID], [Grade], [Comment], [CreatedDate]) VALUES (151, 404, 33, 33, 7, N'Komunikativen', CAST(N'2001-08-28T00:00:00.000' AS DateTime)) GO INSERT [dbo].[Grade] ([ID], [StudentID], [CourseID], [TeacherID], [Grade], [Comment], [CreatedDate]) VALUES (152, 404, 34, 34, 7, N'Snaodliv', CAST(N'2001-09-05T00:00:00.000' AS DateTime)) GO INSERT [dbo].[Grade] ([ID], [StudentID], [CourseID], [TeacherID], [Grade], [Comment], [CreatedDate]) VALUES (153, 404, 35, 76, 8, N'Dobar', CAST(N'2001-10-19T00:00:00.000' AS DateTime)) GO INSERT [dbo].[Grade] ([ID], [StudentID], [CourseID], [TeacherID], [Grade], [Comment], [CreatedDate]) VALUES (154, 404, 36, 36, 7, N'Snaodliv', CAST(N'2002-02-25T00:00:00.000' AS DateTime)) GO INSERT [dbo].[Grade] ([ID], [StudentID], [CourseID], [TeacherID], [Grade], [Comment], [CreatedDate]) VALUES (155, 404, 37, 37, 10, N'Komunikativen', CAST(N'2003-01-16T00:00:00.000' AS DateTime)) GO INSERT [dbo].[Grade] ([ID], [StudentID], [CourseID], [TeacherID], [Grade], [Comment], [CreatedDate]) VALUES (156, 404, 38, 38, 10, N'Neredoven', CAST(N'2002-02-13T00:00:00.000' AS DateTime)) GO INSERT [dbo].[Grade] ([ID], [StudentID], [CourseID], [TeacherID], [Grade], [Comment], [CreatedDate]) VALUES (157, 404, 39, 39, 8, N'Neredoven', CAST(N'2002-09-21T00:00:00.000' AS DateTime)) GO INSERT [dbo].[Grade] ([ID], [StudentID], [CourseID], [TeacherID], [Grade], [Comment], [CreatedDate]) VALUES (158, 404, 40, 40, 10, N'Komunikativen', CAST(N'2002-08-31T00:00:00.000' AS DateTime)) GO INSERT [dbo].[Grade] ([ID], [StudentID], [CourseID], [TeacherID], [Grade], [Comment], [CreatedDate]) VALUES (159, 267, 0, 41, 8, N'Dobar', CAST(N'1998-12-17T00:00:00.000' AS DateTime)) GO INSERT [dbo].[Grade] ([ID], [StudentID], [CourseID], [TeacherID], [Grade], [Comment], [CreatedDate]) VALUES (160, 267, 1, 1, 9, N'Trudoljubiv', CAST(N'1999-07-25T00:00:00.000' AS DateTime)) GO INSERT [dbo].[Grade] ([ID], [StudentID], [CourseID], [TeacherID], [Grade], [Comment], [CreatedDate]) VALUES (161, 267, 2, 84, 7, N'Dobar', CAST(N'1999-02-13T00:00:00.000' AS DateTime)) GO INSERT [dbo].[Grade] ([ID], [StudentID], [CourseID], [TeacherID], [Grade], [Comment], [CreatedDate]) VALUES (162, 267, 3, 3, 9, N'Vreden', CAST(N'1999-07-14T00:00:00.000' AS DateTime)) GO INSERT [dbo].[Grade] ([ID], [StudentID], [CourseID], [TeacherID], [Grade], [Comment], [CreatedDate]) VALUES (163, 267, 4, 4, 10, N'Vreden', CAST(N'1999-04-17T00:00:00.000' AS DateTime)) GO INSERT [dbo].[Grade] ([ID], [StudentID], [CourseID], [TeacherID], [Grade], [Comment], [CreatedDate]) VALUES (164, 267, 5, 5, 9, N'Neispolnitelen', CAST(N'1999-05-06T00:00:00.000' AS DateTime)) GO INSERT [dbo].[Grade] ([ID], [StudentID], [CourseID], [TeacherID], [Grade], [Comment], [CreatedDate]) VALUES (165, 267, 6, 6, 10, N'Trudoljubiv', CAST(N'1999-08-26T00:00:00.000' AS DateTime)) GO INSERT [dbo].[Grade] ([ID], [StudentID], [CourseID], [TeacherID], [Grade], [Comment], [CreatedDate]) VALUES (166, 267, 7, 7, 7, N'Dobar', CAST(N'2000-02-10T00:00:00.000' AS DateTime)) GO INSERT [dbo].[Grade] ([ID], [StudentID], [CourseID], [TeacherID], [Grade], [Comment], [CreatedDate]) VALUES (167, 267, 8, 49, 10, N'Dobar', CAST(N'1999-11-13T00:00:00.000' AS DateTime)) GO INSERT [dbo].[Grade] ([ID], [StudentID], [CourseID], [TeacherID], [Grade], [Comment], [CreatedDate]) VALUES (168, 267, 9, 9, 9, N'Neispolnitelen', CAST(N'1999-05-16T00:00:00.000' AS DateTime)) GO INSERT [dbo].[Grade] ([ID], [StudentID], [CourseID], [TeacherID], [Grade], [Comment], [CreatedDate]) VALUES (169, 267, 10, 51, 10, N'Komunikativen', CAST(N'1999-05-28T00:00:00.000' AS DateTime)) GO INSERT [dbo].[Grade] ([ID], [StudentID], [CourseID], [TeacherID], [Grade], [Comment], [CreatedDate]) VALUES (170, 267, 11, 11, 8, N'Vreden', CAST(N'2000-04-08T00:00:00.000' AS DateTime)) GO INSERT [dbo].[Grade] ([ID], [StudentID], [CourseID], [TeacherID], [Grade], [Comment], [CreatedDate]) VALUES (171, 267, 12, 12, 8, N'Neispolnitelen', CAST(N'2000-08-22T00:00:00.000' AS DateTime)) GO INSERT [dbo].[Grade] ([ID], [StudentID], [CourseID], [TeacherID], [Grade], [Comment], [CreatedDate]) VALUES (172, 267, 13, 13, 6, N'Trudoljubiv', CAST(N'2000-09-19T00:00:00.000' AS DateTime)) GO INSERT [dbo].[Grade] ([ID], [StudentID], [CourseID], [TeacherID], [Grade], [Comment], [CreatedDate]) VALUES (173, 267, 14, 14, 6, N'Dobar', CAST(N'1999-12-20T00:00:00.000' AS DateTime)) GO INSERT [dbo].[Grade] ([ID], [StudentID], [CourseID], [TeacherID], [Grade], [Comment], [CreatedDate]) VALUES (174, 267, 15, 56, 8, N'Dobar', CAST(N'1999-11-22T00:00:00.000' AS DateTime)) GO INSERT [dbo].[Grade] ([ID], [StudentID], [CourseID], [TeacherID], [Grade], [Comment], [CreatedDate]) VALUES (175, 267, 16, 16, 7, N'Neispolnitelen', CAST(N'2000-09-26T00:00:00.000' AS DateTime)) GO INSERT [dbo].[Grade] ([ID], [StudentID], [CourseID], [TeacherID], [Grade], [Comment], [CreatedDate]) VALUES (176, 267, 17, 17, 9, N'Vreden', CAST(N'2000-10-19T00:00:00.000' AS DateTime)) GO INSERT [dbo].[Grade] ([ID], [StudentID], [CourseID], [TeacherID], [Grade], [Comment], [CreatedDate]) VALUES (177, 267, 18, 18, 8, N'Vreden', CAST(N'2001-03-20T00:00:00.000' AS DateTime)) GO INSERT [dbo].[Grade] ([ID], [StudentID], [CourseID], [TeacherID], [Grade], [Comment], [CreatedDate]) VALUES (178, 267, 19, 19, 8, N'Neispolnitelen', CAST(N'2001-01-06T00:00:00.000' AS DateTime)) GO INSERT [dbo].[Grade] ([ID], [StudentID], [CourseID], [TeacherID], [Grade], [Comment], [CreatedDate]) VALUES (179, 267, 20, 20, 8, N'Trudoljubiv', CAST(N'2000-09-18T00:00:00.000' AS DateTime)) GO INSERT [dbo].[Grade] ([ID], [StudentID], [CourseID], [TeacherID], [Grade], [Comment], [CreatedDate]) VALUES (180, 267, 21, 21, 8, N'Dobar', CAST(N'2000-10-28T00:00:00.000' AS DateTime)) GO INSERT [dbo].[Grade] ([ID], [StudentID], [CourseID], [TeacherID], [Grade], [Comment], [CreatedDate]) VALUES (181, 267, 22, 22, 9, N'Trudoljubiv', CAST(N'2001-04-18T00:00:00.000' AS DateTime)) GO INSERT [dbo].[Grade] ([ID], [StudentID], [CourseID], [TeacherID], [Grade], [Comment], [CreatedDate]) VALUES (182, 267, 23, 23, 6, N'Neispolnitelen', CAST(N'2000-10-09T00:00:00.000' AS DateTime)) GO INSERT [dbo].[Grade] ([ID], [StudentID], [CourseID], [TeacherID], [Grade], [Comment], [CreatedDate]) VALUES (183, 267, 24, 24, 6, N'Vreden', CAST(N'2000-10-11T00:00:00.000' AS DateTime)) GO INSERT [dbo].[Grade] ([ID], [StudentID], [CourseID], [TeacherID], [Grade], [Comment], [CreatedDate]) VALUES (184, 267, 25, 25, 8, N'Vreden', CAST(N'2001-07-22T00:00:00.000' AS DateTime)) GO INSERT [dbo].[Grade] ([ID], [StudentID], [CourseID], [TeacherID], [Grade], [Comment], [CreatedDate]) VALUES (185, 267, 26, 26, 7, N'Neispolnitelen', CAST(N'2001-07-27T00:00:00.000' AS DateTime)) GO INSERT [dbo].[Grade] ([ID], [StudentID], [CourseID], [TeacherID], [Grade], [Comment], [CreatedDate]) VALUES (186, 267, 27, 27, 9, N'Trudoljubiv', CAST(N'2001-08-04T00:00:00.000' AS DateTime)) GO INSERT [dbo].[Grade] ([ID], [StudentID], [CourseID], [TeacherID], [Grade], [Comment], [CreatedDate]) VALUES (187, 267, 28, 28, 9, N'Dobar', CAST(N'2002-01-22T00:00:00.000' AS DateTime)) GO INSERT [dbo].[Grade] ([ID], [StudentID], [CourseID], [TeacherID], [Grade], [Comment], [CreatedDate]) VALUES (188, 267, 29, 70, 10, N'Dobar', CAST(N'2002-03-17T00:00:00.000' AS DateTime)) GO INSERT [dbo].[Grade] ([ID], [StudentID], [CourseID], [TeacherID], [Grade], [Comment], [CreatedDate]) VALUES (189, 267, 30, 71, 9, N'Vreden', CAST(N'2001-06-30T00:00:00.000' AS DateTime)) GO INSERT [dbo].[Grade] ([ID], [StudentID], [CourseID], [TeacherID], [Grade], [Comment], [CreatedDate]) VALUES (190, 267, 31, 31, 6, N'Vreden', CAST(N'2001-12-15T00:00:00.000' AS DateTime)) GO INSERT [dbo].[Grade] ([ID], [StudentID], [CourseID], [TeacherID], [Grade], [Comment], [CreatedDate]) VALUES (191, 267, 32, 32, 6, N'Vreden', CAST(N'2002-02-08T00:00:00.000' AS DateTime)) GO INSERT [dbo].[Grade] ([ID], [StudentID], [CourseID], [TeacherID], [Grade], [Comment], [CreatedDate]) VALUES (192, 267, 33, 33, 9, N'Neispolnitelen', CAST(N'2002-05-06T00:00:00.000' AS DateTime)) GO INSERT [dbo].[Grade] ([ID], [StudentID], [CourseID], [TeacherID], [Grade], [Comment], [CreatedDate]) VALUES (193, 267, 34, 34, 8, N'Trudoljubiv', CAST(N'2002-02-22T00:00:00.000' AS DateTime)) GO INSERT [dbo].[Grade] ([ID], [StudentID], [CourseID], [TeacherID], [Grade], [Comment], [CreatedDate]) VALUES (194, 267, 35, 35, 7, N'Dobar', CAST(N'2001-11-25T00:00:00.000' AS DateTime)) GO INSERT [dbo].[Grade] ([ID], [StudentID], [CourseID], [TeacherID], [Grade], [Comment], [CreatedDate]) VALUES (195, 267, 36, 36, 9, N'Trudoljubiv', CAST(N'2002-04-17T00:00:00.000' AS DateTime)) GO INSERT [dbo].[Grade] ([ID], [StudentID], [CourseID], [TeacherID], [Grade], [Comment], [CreatedDate]) VALUES (196, 267, 37, 37, 10, N'Neispolnitelen', CAST(N'2002-12-17T00:00:00.000' AS DateTime)) GO INSERT [dbo].[Grade] ([ID], [StudentID], [CourseID], [TeacherID], [Grade], [Comment], [CreatedDate]) VALUES (197, 267, 38, 38, 10, N'Vreden', CAST(N'2003-02-04T00:00:00.000' AS DateTime)) GO INSERT [dbo].[Grade] ([ID], [StudentID], [CourseID], [TeacherID], [Grade], [Comment], [CreatedDate]) VALUES (198, 267, 39, 39, 9, N'Vreden', CAST(N'2002-04-04T00:00:00.000' AS DateTime)) GO INSERT [dbo].[Grade] ([ID], [StudentID], [CourseID], [TeacherID], [Grade], [Comment], [CreatedDate]) VALUES (199, 267, 40, 40, 9, N'Neispolnitelen', CAST(N'2002-12-07T00:00:00.000' AS DateTime)) GO INSERT [dbo].[Grade] ([ID], [StudentID], [CourseID], [TeacherID], [Grade], [Comment], [CreatedDate]) VALUES (200, 242, 0, 41, 9, N'Dobar', CAST(N'1999-03-22T00:00:00.000' AS DateTime)) GO INSERT [dbo].[Grade] ([ID], [StudentID], [CourseID], [TeacherID], [Grade], [Comment], [CreatedDate]) VALUES (201, 242, 1, 1, 9, N'Neispolnitelen', CAST(N'1999-04-13T00:00:00.000' AS DateTime)) GO INSERT [dbo].[Grade] ([ID], [StudentID], [CourseID], [TeacherID], [Grade], [Comment], [CreatedDate]) VALUES (202, 242, 2, 2, 10, N'Vreden', CAST(N'1999-01-19T00:00:00.000' AS DateTime)) GO INSERT [dbo].[Grade] ([ID], [StudentID], [CourseID], [TeacherID], [Grade], [Comment], [CreatedDate]) VALUES (203, 242, 3, 3, 10, N'Trudoljubiv', CAST(N'1999-01-25T00:00:00.000' AS DateTime)) GO INSERT [dbo].[Grade] ([ID], [StudentID], [CourseID], [TeacherID], [Grade], [Comment], [CreatedDate]) VALUES (204, 242, 4, 4, 8, N'Trudoljubiv', CAST(N'1999-03-18T00:00:00.000' AS DateTime)) GO INSERT [dbo].[Grade] ([ID], [StudentID], [CourseID], [TeacherID], [Grade], [Comment], [CreatedDate]) VALUES (205, 242, 5, 5, 8, N'Vreden', CAST(N'2000-02-11T00:00:00.000' AS DateTime)) GO INSERT [dbo].[Grade] ([ID], [StudentID], [CourseID], [TeacherID], [Grade], [Comment], [CreatedDate]) VALUES (206, 242, 6, 6, 8, N'Neispolnitelen', CAST(N'1999-10-25T00:00:00.000' AS DateTime)) GO INSERT [dbo].[Grade] ([ID], [StudentID], [CourseID], [TeacherID], [Grade], [Comment], [CreatedDate]) VALUES (207, 242, 7, 7, 10, N'Dobar', CAST(N'1999-05-19T00:00:00.000' AS DateTime)) GO INSERT [dbo].[Grade] ([ID], [StudentID], [CourseID], [TeacherID], [Grade], [Comment], [CreatedDate]) VALUES (208, 242, 8, 8, 8, N'Neispolnitelen', CAST(N'1999-11-03T00:00:00.000' AS DateTime)) GO INSERT [dbo].[Grade] ([ID], [StudentID], [CourseID], [TeacherID], [Grade], [Comment], [CreatedDate]) VALUES (209, 242, 9, 50, 10, N'Trudoljubiv', CAST(N'1999-06-15T00:00:00.000' AS DateTime)) GO INSERT [dbo].[Grade] ([ID], [StudentID], [CourseID], [TeacherID], [Grade], [Comment], [CreatedDate]) VALUES (210, 242, 10, 10, 10, N'Trudoljubiv', CAST(N'2000-03-29T00:00:00.000' AS DateTime)) GO INSERT [dbo].[Grade] ([ID], [StudentID], [CourseID], [TeacherID], [Grade], [Comment], [CreatedDate]) VALUES (211, 242, 11, 11, 9, N'Trudoljubiv', CAST(N'2000-09-23T00:00:00.000' AS DateTime)) GO INSERT [dbo].[Grade] ([ID], [StudentID], [CourseID], [TeacherID], [Grade], [Comment], [CreatedDate]) VALUES (212, 242, 12, 12, 10, N'Vreden', CAST(N'1999-12-24T00:00:00.000' AS DateTime)) GO INSERT [dbo].[Grade] ([ID], [StudentID], [CourseID], [TeacherID], [Grade], [Comment], [CreatedDate]) VALUES (213, 242, 13, 13, 9, N'Neispolnitelen', CAST(N'2000-10-02T00:00:00.000' AS DateTime)) GO INSERT [dbo].[Grade] ([ID], [StudentID], [CourseID], [TeacherID], [Grade], [Comment], [CreatedDate]) VALUES (214, 242, 14, 14, 8, N'Dobar', CAST(N'2000-08-21T00:00:00.000' AS DateTime)) GO INSERT [dbo].[Grade] ([ID], [StudentID], [CourseID], [TeacherID], [Grade], [Comment], [CreatedDate]) VALUES (215, 242, 15, 15, 8, N'Neispolnitelen', CAST(N'2000-01-14T00:00:00.000' AS DateTime)) GO INSERT [dbo].[Grade] ([ID], [StudentID], [CourseID], [TeacherID], [Grade], [Comment], [CreatedDate]) VALUES (216, 242, 16, 16, 10, N'Vreden', CAST(N'2000-06-27T00:00:00.000' AS DateTime)) GO INSERT [dbo].[Grade] ([ID], [StudentID], [CourseID], [TeacherID], [Grade], [Comment], [CreatedDate]) VALUES (217, 242, 17, 58, 10, N'Neredoven', CAST(N'2000-10-02T00:00:00.000' AS DateTime)) GO INSERT [dbo].[Grade] ([ID], [StudentID], [CourseID], [TeacherID], [Grade], [Comment], [CreatedDate]) VALUES (218, 242, 18, 18, 9, N'Trudoljubiv', CAST(N'2000-06-15T00:00:00.000' AS DateTime)) GO INSERT [dbo].[Grade] ([ID], [StudentID], [CourseID], [TeacherID], [Grade], [Comment], [CreatedDate]) VALUES (219, 242, 19, 19, 8, N'Vreden', CAST(N'2000-10-27T00:00:00.000' AS DateTime)) GO INSERT [dbo].[Grade] ([ID], [StudentID], [CourseID], [TeacherID], [Grade], [Comment], [CreatedDate]) VALUES (220, 242, 20, 20, 8, N'Neispolnitelen', CAST(N'2000-09-15T00:00:00.000' AS DateTime)) GO INSERT [dbo].[Grade] ([ID], [StudentID], [CourseID], [TeacherID], [Grade], [Comment], [CreatedDate]) VALUES (221, 242, 21, 21, 8, N'Dobar', CAST(N'2001-09-14T00:00:00.000' AS DateTime)) GO INSERT [dbo].[Grade] ([ID], [StudentID], [CourseID], [TeacherID], [Grade], [Comment], [CreatedDate]) VALUES (222, 242, 22, 22, 8, N'Neispolnitelen', CAST(N'2001-03-23T00:00:00.000' AS DateTime)) GO INSERT [dbo].[Grade] ([ID], [StudentID], [CourseID], [TeacherID], [Grade], [Comment], [CreatedDate]) VALUES (223, 242, 23, 23, 9, N'Vreden', CAST(N'2000-12-29T00:00:00.000' AS DateTime)) GO INSERT [dbo].[Grade] ([ID], [StudentID], [CourseID], [TeacherID], [Grade], [Comment], [CreatedDate]) VALUES (224, 242, 24, 24, 9, N'Trudoljubiv', CAST(N'2001-07-12T00:00:00.000' AS DateTime)) GO INSERT [dbo].[Grade] ([ID], [StudentID], [CourseID], [TeacherID], [Grade], [Comment], [CreatedDate]) VALUES (225, 242, 25, 25, 8, N'Trudoljubiv', CAST(N'2000-12-19T00:00:00.000' AS DateTime)) GO INSERT [dbo].[Grade] ([ID], [StudentID], [CourseID], [TeacherID], [Grade], [Comment], [CreatedDate]) VALUES (226, 242, 26, 26, 8, N'Vreden', CAST(N'2001-11-04T00:00:00.000' AS DateTime)) GO INSERT [dbo].[Grade] ([ID], [StudentID], [CourseID], [TeacherID], [Grade], [Comment], [CreatedDate]) VALUES (227, 242, 27, 27, 8, N'Neispolnitelen', CAST(N'2002-01-23T00:00:00.000' AS DateTime)) GO INSERT [dbo].[Grade] ([ID], [StudentID], [CourseID], [TeacherID], [Grade], [Comment], [CreatedDate]) VALUES (228, 242, 28, 28, 8, N'Dobar', CAST(N'2002-01-17T00:00:00.000' AS DateTime)) GO INSERT [dbo].[Grade] ([ID], [StudentID], [CourseID], [TeacherID], [Grade], [Comment], [CreatedDate]) VALUES (229, 242, 29, 70, 8, N'Dobar', CAST(N'2001-10-26T00:00:00.000' AS DateTime)) GO INSERT [dbo].[Grade] ([ID], [StudentID], [CourseID], [TeacherID], [Grade], [Comment], [CreatedDate]) VALUES (230, 242, 30, 71, 9, N'Trudoljubiv', CAST(N'2001-05-02T00:00:00.000' AS DateTime)) GO INSERT [dbo].[Grade] ([ID], [StudentID], [CourseID], [TeacherID], [Grade], [Comment], [CreatedDate]) VALUES (231, 242, 31, 31, 10, N'Trudoljubiv', CAST(N'2001-12-17T00:00:00.000' AS DateTime)) GO INSERT [dbo].[Grade] ([ID], [StudentID], [CourseID], [TeacherID], [Grade], [Comment], [CreatedDate]) VALUES (232, 242, 32, 73, 9, N'Komunikativen', CAST(N'2002-03-04T00:00:00.000' AS DateTime)) GO INSERT [dbo].[Grade] ([ID], [StudentID], [CourseID], [TeacherID], [Grade], [Comment], [CreatedDate]) VALUES (233, 242, 33, 33, 9, N'Vreden', CAST(N'2002-06-10T00:00:00.000' AS DateTime)) GO INSERT [dbo].[Grade] ([ID], [StudentID], [CourseID], [TeacherID], [Grade], [Comment], [CreatedDate]) VALUES (234, 242, 34, 34, 9, N'Neispolnitelen', CAST(N'2001-10-11T00:00:00.000' AS DateTime)) GO INSERT [dbo].[Grade] ([ID], [StudentID], [CourseID], [TeacherID], [Grade], [Comment], [CreatedDate]) VALUES (235, 242, 35, 76, 10, N'Dobar', CAST(N'2001-12-06T00:00:00.000' AS DateTime)) GO INSERT [dbo].[Grade] ([ID], [StudentID], [CourseID], [TeacherID], [Grade], [Comment], [CreatedDate]) VALUES (236, 242, 36, 36, 9, N'Neispolnitelen', CAST(N'2002-11-15T00:00:00.000' AS DateTime)) GO INSERT [dbo].[Grade] ([ID], [StudentID], [CourseID], [TeacherID], [Grade], [Comment], [CreatedDate]) VALUES (237, 242, 37, 37, 8, N'Vreden', CAST(N'2002-04-13T00:00:00.000' AS DateTime)) GO INSERT [dbo].[Grade] ([ID], [StudentID], [CourseID], [TeacherID], [Grade], [Comment], [CreatedDate]) VALUES (238, 242, 38, 38, 10, N'Trudoljubiv', CAST(N'2002-07-26T00:00:00.000' AS DateTime)) GO INSERT [dbo].[Grade] ([ID], [StudentID], [CourseID], [TeacherID], [Grade], [Comment], [CreatedDate]) VALUES (239, 242, 39, 39, 8, N'Trudoljubiv', CAST(N'2002-04-22T00:00:00.000' AS DateTime)) GO INSERT [dbo].[Grade] ([ID], [StudentID], [CourseID], [TeacherID], [Grade], [Comment], [CreatedDate]) VALUES (240, 242, 40, 81, 9, N'Neredoven', CAST(N'2002-11-08T00:00:00.000' AS DateTime)) GO INSERT [dbo].[Grade] ([ID], [StudentID], [CourseID], [TeacherID], [Grade], [Comment], [CreatedDate]) VALUES (241, 396, 0, 0, 8, N'Dobar', CAST(N'1999-03-12T00:00:00.000' AS DateTime)) GO INSERT [dbo].[Grade] ([ID], [StudentID], [CourseID], [TeacherID], [Grade], [Comment], [CreatedDate]) VALUES (242, 396, 1, 1, 9, N'Neispolnitelen', CAST(N'1999-05-02T00:00:00.000' AS DateTime)) GO INSERT [dbo].[Grade] ([ID], [StudentID], [CourseID], [TeacherID], [Grade], [Comment], [CreatedDate]) VALUES (243, 396, 2, 43, 7, N'Trudoljubiv', CAST(N'1998-10-20T00:00:00.000' AS DateTime)) GO INSERT [dbo].[Grade] ([ID], [StudentID], [CourseID], [TeacherID], [Grade], [Comment], [CreatedDate]) VALUES (244, 396, 3, 3, 7, N'Trudoljubiv', CAST(N'1999-03-09T00:00:00.000' AS DateTime)) GO INSERT [dbo].[Grade] ([ID], [StudentID], [CourseID], [TeacherID], [Grade], [Comment], [CreatedDate]) VALUES (245, 396, 4, 4, 6, N'Trudoljubiv', CAST(N'1998-10-31T00:00:00.000' AS DateTime)) GO INSERT [dbo].[Grade] ([ID], [StudentID], [CourseID], [TeacherID], [Grade], [Comment], [CreatedDate]) VALUES (246, 396, 5, 5, 8, N'Vreden', CAST(N'1999-08-20T00:00:00.000' AS DateTime)) GO INSERT [dbo].[Grade] ([ID], [StudentID], [CourseID], [TeacherID], [Grade], [Comment], [CreatedDate]) VALUES (247, 396, 6, 6, 10, N'Neispolnitelen', CAST(N'1999-06-17T00:00:00.000' AS DateTime)) GO INSERT [dbo].[Grade] ([ID], [StudentID], [CourseID], [TeacherID], [Grade], [Comment], [CreatedDate]) VALUES (248, 396, 7, 7, 7, N'Dobar', CAST(N'2000-02-16T00:00:00.000' AS DateTime)) GO INSERT [dbo].[Grade] ([ID], [StudentID], [CourseID], [TeacherID], [Grade], [Comment], [CreatedDate]) VALUES (249, 396, 8, 8, 9, N'Neispolnitelen', CAST(N'2000-01-28T00:00:00.000' AS DateTime)) GO INSERT [dbo].[Grade] ([ID], [StudentID], [CourseID], [TeacherID], [Grade], [Comment], [CreatedDate]) VALUES (250, 396, 9, 9, 6, N'Vreden', CAST(N'1999-06-09T00:00:00.000' AS DateTime)) GO INSERT [dbo].[Grade] ([ID], [StudentID], [CourseID], [TeacherID], [Grade], [Comment], [CreatedDate]) VALUES (251, 396, 10, 10, 8, N'Trudoljubiv', CAST(N'2000-04-06T00:00:00.000' AS DateTime)) GO INSERT [dbo].[Grade] ([ID], [StudentID], [CourseID], [TeacherID], [Grade], [Comment], [CreatedDate]) VALUES (252, 396, 11, 11, 8, N'Trudoljubiv', CAST(N'2000-10-07T00:00:00.000' AS DateTime)) GO INSERT [dbo].[Grade] ([ID], [StudentID], [CourseID], [TeacherID], [Grade], [Comment], [CreatedDate]) VALUES (253, 396, 12, 12, 7, N'Vreden', CAST(N'2000-01-18T00:00:00.000' AS DateTime)) GO INSERT [dbo].[Grade] ([ID], [StudentID], [CourseID], [TeacherID], [Grade], [Comment], [CreatedDate]) VALUES (254, 396, 13, 13, 9, N'Neispolnitelen', CAST(N'2000-07-19T00:00:00.000' AS DateTime)) GO INSERT [dbo].[Grade] ([ID], [StudentID], [CourseID], [TeacherID], [Grade], [Comment], [CreatedDate]) VALUES (255, 396, 14, 14, 6, N'Dobar', CAST(N'2000-09-10T00:00:00.000' AS DateTime)) GO INSERT [dbo].[Grade] ([ID], [StudentID], [CourseID], [TeacherID], [Grade], [Comment], [CreatedDate]) VALUES (256, 396, 15, 15, 10, N'Neispolnitelen', CAST(N'2000-05-09T00:00:00.000' AS DateTime)) GO INSERT [dbo].[Grade] ([ID], [StudentID], [CourseID], [TeacherID], [Grade], [Comment], [CreatedDate]) VALUES (257, 396, 16, 16, 10, N'Vreden', CAST(N'2000-04-08T00:00:00.000' AS DateTime)) GO INSERT [dbo].[Grade] ([ID], [StudentID], [CourseID], [TeacherID], [Grade], [Comment], [CreatedDate]) VALUES (258, 396, 17, 58, 8, N'Neredoven', CAST(N'2000-11-30T00:00:00.000' AS DateTime)) GO INSERT [dbo].[Grade] ([ID], [StudentID], [CourseID], [TeacherID], [Grade], [Comment], [CreatedDate]) VALUES (259, 396, 18, 18, 6, N'Trudoljubiv', CAST(N'2000-06-02T00:00:00.000' AS DateTime)) GO INSERT [dbo].[Grade] ([ID], [StudentID], [CourseID], [TeacherID], [Grade], [Comment], [CreatedDate]) VALUES (260, 396, 19, 19, 8, N'Vreden', CAST(N'2000-08-15T00:00:00.000' AS DateTime)) GO INSERT [dbo].[Grade] ([ID], [StudentID], [CourseID], [TeacherID], [Grade], [Comment], [CreatedDate]) VALUES (261, 396, 20, 20, 9, N'Neispolnitelen', CAST(N'2001-01-16T00:00:00.000' AS DateTime)) GO INSERT [dbo].[Grade] ([ID], [StudentID], [CourseID], [TeacherID], [Grade], [Comment], [CreatedDate]) VALUES (262, 396, 21, 21, 7, N'Dobar', CAST(N'2000-10-06T00:00:00.000' AS DateTime)) GO INSERT [dbo].[Grade] ([ID], [StudentID], [CourseID], [TeacherID], [Grade], [Comment], [CreatedDate]) VALUES (263, 396, 22, 22, 6, N'Neispolnitelen', CAST(N'2001-08-08T00:00:00.000' AS DateTime)) GO INSERT [dbo].[Grade] ([ID], [StudentID], [CourseID], [TeacherID], [Grade], [Comment], [CreatedDate]) VALUES (264, 396, 23, 23, 6, N'Vreden', CAST(N'2001-07-26T00:00:00.000' AS DateTime)) GO INSERT [dbo].[Grade] ([ID], [StudentID], [CourseID], [TeacherID], [Grade], [Comment], [CreatedDate]) VALUES (265, 396, 24, 24, 7, N'Trudoljubiv', CAST(N'2001-02-09T00:00:00.000' AS DateTime)) GO INSERT [dbo].[Grade] ([ID], [StudentID], [CourseID], [TeacherID], [Grade], [Comment], [CreatedDate]) VALUES (266, 396, 25, 25, 6, N'Trudoljubiv', CAST(N'2000-10-13T00:00:00.000' AS DateTime)) GO INSERT [dbo].[Grade] ([ID], [StudentID], [CourseID], [TeacherID], [Grade], [Comment], [CreatedDate]) VALUES (267, 396, 26, 26, 8, N'Vreden', CAST(N'2001-12-14T00:00:00.000' AS DateTime)) GO INSERT [dbo].[Grade] ([ID], [StudentID], [CourseID], [TeacherID], [Grade], [Comment], [CreatedDate]) VALUES (268, 396, 27, 27, 9, N'Neispolnitelen', CAST(N'2002-02-05T00:00:00.000' AS DateTime)) GO INSERT [dbo].[Grade] ([ID], [StudentID], [CourseID], [TeacherID], [Grade], [Comment], [CreatedDate]) VALUES (269, 396, 28, 28, 10, N'Dobar', CAST(N'2001-04-05T00:00:00.000' AS DateTime)) GO INSERT [dbo].[Grade] ([ID], [StudentID], [CourseID], [TeacherID], [Grade], [Comment], [CreatedDate]) VALUES (270, 396, 29, 29, 9, N'Neispolnitelen', CAST(N'2001-08-10T00:00:00.000' AS DateTime)) GO INSERT [dbo].[Grade] ([ID], [StudentID], [CourseID], [TeacherID], [Grade], [Comment], [CreatedDate]) VALUES (271, 396, 30, 30, 7, N'Vreden', CAST(N'2001-07-14T00:00:00.000' AS DateTime)) GO INSERT [dbo].[Grade] ([ID], [StudentID], [CourseID], [TeacherID], [Grade], [Comment], [CreatedDate]) VALUES (272, 396, 31, 31, 8, N'Trudoljubiv', CAST(N'2002-01-09T00:00:00.000' AS DateTime)) GO INSERT [dbo].[Grade] ([ID], [StudentID], [CourseID], [TeacherID], [Grade], [Comment], [CreatedDate]) VALUES (273, 396, 32, 32, 9, N'Trudoljubiv', CAST(N'2002-05-04T00:00:00.000' AS DateTime)) GO INSERT [dbo].[Grade] ([ID], [StudentID], [CourseID], [TeacherID], [Grade], [Comment], [CreatedDate]) VALUES (274, 396, 33, 33, 6, N'Vreden', CAST(N'2002-02-02T00:00:00.000' AS DateTime)) GO INSERT [dbo].[Grade] ([ID], [StudentID], [CourseID], [TeacherID], [Grade], [Comment], [CreatedDate]) VALUES (275, 396, 34, 34, 9, N'Neispolnitelen', CAST(N'2002-03-31T00:00:00.000' AS DateTime)) GO INSERT [dbo].[Grade] ([ID], [StudentID], [CourseID], [TeacherID], [Grade], [Comment], [CreatedDate]) VALUES (276, 396, 35, 76, 8, N'Dobar', CAST(N'2002-07-31T00:00:00.000' AS DateTime)) GO INSERT [dbo].[Grade] ([ID], [StudentID], [CourseID], [TeacherID], [Grade], [Comment], [CreatedDate]) VALUES (277, 396, 36, 36, 10, N'Neispolnitelen', CAST(N'2003-02-10T00:00:00.000' AS DateTime)) GO INSERT [dbo].[Grade] ([ID], [StudentID], [CourseID], [TeacherID], [Grade], [Comment], [CreatedDate]) VALUES (278, 396, 37, 37, 10, N'Vreden', CAST(N'2002-09-06T00:00:00.000' AS DateTime)) GO INSERT [dbo].[Grade] ([ID], [StudentID], [CourseID], [TeacherID], [Grade], [Comment], [CreatedDate]) VALUES (279, 396, 38, 38, 9, N'Trudoljubiv', CAST(N'2003-02-23T00:00:00.000' AS DateTime)) GO INSERT [dbo].[Grade] ([ID], [StudentID], [CourseID], [TeacherID], [Grade], [Comment], [CreatedDate]) VALUES (280, 396, 39, 39, 6, N'Trudoljubiv', CAST(N'2002-11-26T00:00:00.000' AS DateTime)) GO INSERT [dbo].[Grade] ([ID], [StudentID], [CourseID], [TeacherID], [Grade], [Comment], [CreatedDate]) VALUES (281, 396, 40, 40, 9, N'Vreden', CAST(N'2002-12-15T00:00:00.000' AS DateTime)) GO INSERT [dbo].[Grade] ([ID], [StudentID], [CourseID], [TeacherID], [Grade], [Comment], [CreatedDate]) VALUES (282, 176, 0, 82, 7, N'Dobar', CAST(N'1999-05-23T00:00:00.000' AS DateTime)) GO INSERT [dbo].[Grade] ([ID], [StudentID], [CourseID], [TeacherID], [Grade], [Comment], [CreatedDate]) VALUES (283, 176, 1, 1, 10, N'Trudoljubiv', CAST(N'1999-10-17T00:00:00.000' AS DateTime)) GO INSERT [dbo].[Grade] ([ID], [StudentID], [CourseID], [TeacherID], [Grade], [Comment], [CreatedDate]) VALUES (284, 176, 2, 84, 6, N'Dobar', CAST(N'1999-07-16T00:00:00.000' AS DateTime)) GO INSERT [dbo].[Grade] ([ID], [StudentID], [CourseID], [TeacherID], [Grade], [Comment], [CreatedDate]) VALUES (285, 176, 3, 3, 9, N'Vreden', CAST(N'1999-04-09T00:00:00.000' AS DateTime)) GO INSERT [dbo].[Grade] ([ID], [StudentID], [CourseID], [TeacherID], [Grade], [Comment], [CreatedDate]) VALUES (286, 176, 4, 4, 6, N'Vreden', CAST(N'1999-11-22T00:00:00.000' AS DateTime)) GO INSERT [dbo].[Grade] ([ID], [StudentID], [CourseID], [TeacherID], [Grade], [Comment], [CreatedDate]) VALUES (287, 176, 5, 5, 6, N'Neispolnitelen', CAST(N'1999-12-03T00:00:00.000' AS DateTime)) GO INSERT [dbo].[Grade] ([ID], [StudentID], [CourseID], [TeacherID], [Grade], [Comment], [CreatedDate]) VALUES (288, 176, 6, 6, 6, N'Trudoljubiv', CAST(N'1999-06-08T00:00:00.000' AS DateTime)) GO INSERT [dbo].[Grade] ([ID], [StudentID], [CourseID], [TeacherID], [Grade], [Comment], [CreatedDate]) VALUES (289, 176, 7, 7, 7, N'Dobar', CAST(N'2000-01-22T00:00:00.000' AS DateTime)) GO INSERT [dbo].[Grade] ([ID], [StudentID], [CourseID], [TeacherID], [Grade], [Comment], [CreatedDate]) VALUES (290, 176, 8, 49, 8, N'Dobar', CAST(N'2000-04-15T00:00:00.000' AS DateTime)) GO INSERT [dbo].[Grade] ([ID], [StudentID], [CourseID], [TeacherID], [Grade], [Comment], [CreatedDate]) VALUES (291, 176, 9, 50, 10, N'Vreden', CAST(N'1999-10-22T00:00:00.000' AS DateTime)) GO INSERT [dbo].[Grade] ([ID], [StudentID], [CourseID], [TeacherID], [Grade], [Comment], [CreatedDate]) VALUES (292, 176, 10, 51, 10, N'Komunikativen', CAST(N'1999-12-12T00:00:00.000' AS DateTime)) GO INSERT [dbo].[Grade] ([ID], [StudentID], [CourseID], [TeacherID], [Grade], [Comment], [CreatedDate]) VALUES (293, 176, 11, 11, 9, N'Vreden', CAST(N'2000-09-20T00:00:00.000' AS DateTime)) GO INSERT [dbo].[Grade] ([ID], [StudentID], [CourseID], [TeacherID], [Grade], [Comment], [CreatedDate]) VALUES (294, 176, 12, 12, 10, N'Neispolnitelen', CAST(N'2000-07-24T00:00:00.000' AS DateTime)) GO INSERT [dbo].[Grade] ([ID], [StudentID], [CourseID], [TeacherID], [Grade], [Comment], [CreatedDate]) VALUES (295, 176, 13, 13, 8, N'Trudoljubiv', CAST(N'1999-12-30T00:00:00.000' AS DateTime)) GO INSERT [dbo].[Grade] ([ID], [StudentID], [CourseID], [TeacherID], [Grade], [Comment], [CreatedDate]) VALUES (296, 176, 14, 14, 8, N'Dobar', CAST(N'1999-12-15T00:00:00.000' AS DateTime)) GO INSERT [dbo].[Grade] ([ID], [StudentID], [CourseID], [TeacherID], [Grade], [Comment], [CreatedDate]) VALUES (297, 176, 15, 56, 6, N'Dobar', CAST(N'2000-03-04T00:00:00.000' AS DateTime)) GO INSERT [dbo].[Grade] ([ID], [StudentID], [CourseID], [TeacherID], [Grade], [Comment], [CreatedDate]) VALUES (298, 176, 16, 16, 9, N'Neispolnitelen', CAST(N'2000-07-03T00:00:00.000' AS DateTime)) GO INSERT [dbo].[Grade] ([ID], [StudentID], [CourseID], [TeacherID], [Grade], [Comment], [CreatedDate]) VALUES (299, 176, 17, 17, 9, N'Vreden', CAST(N'2000-09-15T00:00:00.000' AS DateTime)) GO INSERT [dbo].[Grade] ([ID], [StudentID], [CourseID], [TeacherID], [Grade], [Comment], [CreatedDate]) VALUES (300, 176, 18, 18, 8, N'Vreden', CAST(N'2000-11-15T00:00:00.000' AS DateTime)) GO INSERT [dbo].[Grade] ([ID], [StudentID], [CourseID], [TeacherID], [Grade], [Comment], [CreatedDate]) VALUES (301, 176, 19, 19, 9, N'Neispolnitelen', CAST(N'2000-05-25T00:00:00.000' AS DateTime)) GO INSERT [dbo].[Grade] ([ID], [StudentID], [CourseID], [TeacherID], [Grade], [Comment], [CreatedDate]) VALUES (302, 176, 20, 20, 6, N'Trudoljubiv', CAST(N'2000-06-19T00:00:00.000' AS DateTime)) GO INSERT [dbo].[Grade] ([ID], [StudentID], [CourseID], [TeacherID], [Grade], [Comment], [CreatedDate]) VALUES (303, 176, 21, 21, 10, N'Dobar', CAST(N'2001-11-14T00:00:00.000' AS DateTime)) GO INSERT [dbo].[Grade] ([ID], [StudentID], [CourseID], [TeacherID], [Grade], [Comment], [CreatedDate]) VALUES (304, 176, 22, 22, 9, N'Trudoljubiv', CAST(N'2001-02-13T00:00:00.000' AS DateTime)) GO INSERT [dbo].[Grade] ([ID], [StudentID], [CourseID], [TeacherID], [Grade], [Comment], [CreatedDate]) VALUES (305, 176, 23, 23, 8, N'Neispolnitelen', CAST(N'2001-01-07T00:00:00.000' AS DateTime)) GO INSERT [dbo].[Grade] ([ID], [StudentID], [CourseID], [TeacherID], [Grade], [Comment], [CreatedDate]) VALUES (306, 176, 24, 24, 9, N'Vreden', CAST(N'2001-07-07T00:00:00.000' AS DateTime)) GO INSERT [dbo].[Grade] ([ID], [StudentID], [CourseID], [TeacherID], [Grade], [Comment], [CreatedDate]) VALUES (307, 176, 25, 25, 10, N'Vreden', CAST(N'2001-01-03T00:00:00.000' AS DateTime)) GO INSERT [dbo].[Grade] ([ID], [StudentID], [CourseID], [TeacherID], [Grade], [Comment], [CreatedDate]) VALUES (308, 176, 26, 26, 6, N'Neispolnitelen', CAST(N'2001-09-06T00:00:00.000' AS DateTime)) GO INSERT [dbo].[Grade] ([ID], [StudentID], [CourseID], [TeacherID], [Grade], [Comment], [CreatedDate]) VALUES (309, 176, 27, 27, 7, N'Trudoljubiv', CAST(N'2001-08-07T00:00:00.000' AS DateTime)) GO INSERT [dbo].[Grade] ([ID], [StudentID], [CourseID], [TeacherID], [Grade], [Comment], [CreatedDate]) VALUES (310, 176, 28, 28, 6, N'Dobar', CAST(N'2001-07-17T00:00:00.000' AS DateTime)) GO INSERT [dbo].[Grade] ([ID], [StudentID], [CourseID], [TeacherID], [Grade], [Comment], [CreatedDate]) VALUES (311, 176, 29, 70, 8, N'Dobar', CAST(N'2001-10-30T00:00:00.000' AS DateTime)) GO INSERT [dbo].[Grade] ([ID], [StudentID], [CourseID], [TeacherID], [Grade], [Comment], [CreatedDate]) VALUES (312, 176, 30, 30, 7, N'Neispolnitelen', CAST(N'2002-01-06T00:00:00.000' AS DateTime)) GO INSERT [dbo].[Grade] ([ID], [StudentID], [CourseID], [TeacherID], [Grade], [Comment], [CreatedDate]) VALUES (313, 176, 31, 31, 8, N'Vreden', CAST(N'2002-02-23T00:00:00.000' AS DateTime)) GO INSERT [dbo].[Grade] ([ID], [StudentID], [CourseID], [TeacherID], [Grade], [Comment], [CreatedDate]) VALUES (314, 176, 32, 32, 9, N'Vreden', CAST(N'2001-11-30T00:00:00.000' AS DateTime)) GO INSERT [dbo].[Grade] ([ID], [StudentID], [CourseID], [TeacherID], [Grade], [Comment], [CreatedDate]) VALUES (315, 176, 33, 33, 10, N'Neispolnitelen', CAST(N'2002-10-20T00:00:00.000' AS DateTime)) GO INSERT [dbo].[Grade] ([ID], [StudentID], [CourseID], [TeacherID], [Grade], [Comment], [CreatedDate]) VALUES (316, 176, 34, 34, 7, N'Trudoljubiv', CAST(N'2002-08-08T00:00:00.000' AS DateTime)) GO INSERT [dbo].[Grade] ([ID], [StudentID], [CourseID], [TeacherID], [Grade], [Comment], [CreatedDate]) VALUES (317, 176, 35, 76, 9, N'Dobar', CAST(N'2002-06-30T00:00:00.000' AS DateTime)) GO INSERT [dbo].[Grade] ([ID], [StudentID], [CourseID], [TeacherID], [Grade], [Comment], [CreatedDate]) VALUES (318, 176, 36, 36, 6, N'Trudoljubiv', CAST(N'2002-06-23T00:00:00.000' AS DateTime)) GO INSERT [dbo].[Grade] ([ID], [StudentID], [CourseID], [TeacherID], [Grade], [Comment], [CreatedDate]) VALUES (319, 176, 37, 37, 6, N'Neispolnitelen', CAST(N'2002-09-22T00:00:00.000' AS DateTime)) GO INSERT [dbo].[Grade] ([ID], [StudentID], [CourseID], [TeacherID], [Grade], [Comment], [CreatedDate]) VALUES (320, 176, 38, 38, 6, N'Vreden', CAST(N'2002-07-21T00:00:00.000' AS DateTime)) GO INSERT [dbo].[Grade] ([ID], [StudentID], [CourseID], [TeacherID], [Grade], [Comment], [CreatedDate]) VALUES (321, 176, 39, 39, 7, N'Vreden', CAST(N'2002-08-17T00:00:00.000' AS DateTime)) GO INSERT [dbo].[Grade] ([ID], [StudentID], [CourseID], [TeacherID], [Grade], [Comment], [CreatedDate]) VALUES (322, 176, 40, 81, 7, N'Komunikativen', CAST(N'2003-01-08T00:00:00.000' AS DateTime)) GO INSERT [dbo].[Grade] ([ID], [StudentID], [CourseID], [TeacherID], [Grade], [Comment], [CreatedDate]) VALUES (323, 479, 0, 41, 9, N'Dobar', CAST(N'1999-02-01T00:00:00.000' AS DateTime)) GO INSERT [dbo].[Grade] ([ID], [StudentID], [CourseID], [TeacherID], [Grade], [Comment], [CreatedDate]) VALUES (324, 479, 1, 1, 10, N'Neredoven', CAST(N'1999-07-21T00:00:00.000' AS DateTime)) GO INSERT [dbo].[Grade] ([ID], [StudentID], [CourseID], [TeacherID], [Grade], [Comment], [CreatedDate]) VALUES (325, 479, 2, 2, 9, N'Snaodliv', CAST(N'1999-10-11T00:00:00.000' AS DateTime)) GO INSERT [dbo].[Grade] ([ID], [StudentID], [CourseID], [TeacherID], [Grade], [Comment], [CreatedDate]) VALUES (326, 479, 3, 3, 9, N'Komunikativen', CAST(N'1999-05-30T00:00:00.000' AS DateTime)) GO INSERT [dbo].[Grade] ([ID], [StudentID], [CourseID], [TeacherID], [Grade], [Comment], [CreatedDate]) VALUES (327, 479, 4, 4, 10, N'Komunikativen', CAST(N'1999-04-07T00:00:00.000' AS DateTime)) GO INSERT [dbo].[Grade] ([ID], [StudentID], [CourseID], [TeacherID], [Grade], [Comment], [CreatedDate]) VALUES (328, 479, 5, 5, 6, N'Snaodliv', CAST(N'2000-05-07T00:00:00.000' AS DateTime)) GO INSERT [dbo].[Grade] ([ID], [StudentID], [CourseID], [TeacherID], [Grade], [Comment], [CreatedDate]) VALUES (329, 479, 6, 6, 7, N'Neredoven', CAST(N'1999-11-19T00:00:00.000' AS DateTime)) GO INSERT [dbo].[Grade] ([ID], [StudentID], [CourseID], [TeacherID], [Grade], [Comment], [CreatedDate]) VALUES (330, 479, 7, 7, 7, N'Dobar', CAST(N'1999-11-19T00:00:00.000' AS DateTime)) GO INSERT [dbo].[Grade] ([ID], [StudentID], [CourseID], [TeacherID], [Grade], [Comment], [CreatedDate]) VALUES (331, 479, 8, 8, 9, N'Neredoven', CAST(N'1999-08-23T00:00:00.000' AS DateTime)) GO INSERT [dbo].[Grade] ([ID], [StudentID], [CourseID], [TeacherID], [Grade], [Comment], [CreatedDate]) VALUES (332, 479, 9, 50, 6, N'Komunikativen', CAST(N'2000-06-03T00:00:00.000' AS DateTime)) GO INSERT [dbo].[Grade] ([ID], [StudentID], [CourseID], [TeacherID], [Grade], [Comment], [CreatedDate]) VALUES (333, 479, 10, 10, 6, N'Komunikativen', CAST(N'1999-11-05T00:00:00.000' AS DateTime)) GO INSERT [dbo].[Grade] ([ID], [StudentID], [CourseID], [TeacherID], [Grade], [Comment], [CreatedDate]) VALUES (334, 479, 11, 11, 8, N'Komunikativen', CAST(N'2000-09-13T00:00:00.000' AS DateTime)) GO INSERT [dbo].[Grade] ([ID], [StudentID], [CourseID], [TeacherID], [Grade], [Comment], [CreatedDate]) VALUES (335, 479, 12, 12, 6, N'Snaodliv', CAST(N'2000-02-13T00:00:00.000' AS DateTime)) GO INSERT [dbo].[Grade] ([ID], [StudentID], [CourseID], [TeacherID], [Grade], [Comment], [CreatedDate]) VALUES (336, 479, 13, 13, 6, N'Neredoven', CAST(N'2000-03-29T00:00:00.000' AS DateTime)) GO INSERT [dbo].[Grade] ([ID], [StudentID], [CourseID], [TeacherID], [Grade], [Comment], [CreatedDate]) VALUES (337, 479, 14, 14, 7, N'Dobar', CAST(N'2000-05-13T00:00:00.000' AS DateTime)) GO INSERT [dbo].[Grade] ([ID], [StudentID], [CourseID], [TeacherID], [Grade], [Comment], [CreatedDate]) VALUES (338, 479, 15, 56, 9, N'Dobar', CAST(N'1999-12-13T00:00:00.000' AS DateTime)) GO INSERT [dbo].[Grade] ([ID], [StudentID], [CourseID], [TeacherID], [Grade], [Comment], [CreatedDate]) VALUES (339, 479, 16, 16, 10, N'Snaodliv', CAST(N'2001-01-27T00:00:00.000' AS DateTime)) GO INSERT [dbo].[Grade] ([ID], [StudentID], [CourseID], [TeacherID], [Grade], [Comment], [CreatedDate]) VALUES (340, 479, 17, 58, 9, N'Neispolnitelen', CAST(N'2001-02-15T00:00:00.000' AS DateTime)) GO INSERT [dbo].[Grade] ([ID], [StudentID], [CourseID], [TeacherID], [Grade], [Comment], [CreatedDate]) VALUES (341, 479, 18, 18, 9, N'Komunikativen', CAST(N'2001-03-06T00:00:00.000' AS DateTime)) GO INSERT [dbo].[Grade] ([ID], [StudentID], [CourseID], [TeacherID], [Grade], [Comment], [CreatedDate]) VALUES (342, 479, 19, 19, 9, N'Snaodliv', CAST(N'2000-12-07T00:00:00.000' AS DateTime)) GO INSERT [dbo].[Grade] ([ID], [StudentID], [CourseID], [TeacherID], [Grade], [Comment], [CreatedDate]) VALUES (343, 479, 20, 20, 9, N'Neredoven', CAST(N'2001-05-19T00:00:00.000' AS DateTime)) GO INSERT [dbo].[Grade] ([ID], [StudentID], [CourseID], [TeacherID], [Grade], [Comment], [CreatedDate]) VALUES (344, 479, 21, 21, 7, N'Dobar', CAST(N'2001-10-19T00:00:00.000' AS DateTime)) GO INSERT [dbo].[Grade] ([ID], [StudentID], [CourseID], [TeacherID], [Grade], [Comment], [CreatedDate]) VALUES (345, 479, 22, 22, 6, N'Neredoven', CAST(N'2001-06-24T00:00:00.000' AS DateTime)) GO INSERT [dbo].[Grade] ([ID], [StudentID], [CourseID], [TeacherID], [Grade], [Comment], [CreatedDate]) VALUES (346, 479, 23, 23, 8, N'Snaodliv', CAST(N'2001-03-29T00:00:00.000' AS DateTime)) GO INSERT [dbo].[Grade] ([ID], [StudentID], [CourseID], [TeacherID], [Grade], [Comment], [CreatedDate]) VALUES (347, 479, 24, 24, 10, N'Komunikativen', CAST(N'2000-12-09T00:00:00.000' AS DateTime)) GO INSERT [dbo].[Grade] ([ID], [StudentID], [CourseID], [TeacherID], [Grade], [Comment], [CreatedDate]) VALUES (348, 479, 25, 25, 6, N'Komunikativen', CAST(N'2001-06-06T00:00:00.000' AS DateTime)) GO INSERT [dbo].[Grade] ([ID], [StudentID], [CourseID], [TeacherID], [Grade], [Comment], [CreatedDate]) VALUES (349, 479, 26, 26, 7, N'Snaodliv', CAST(N'2002-01-22T00:00:00.000' AS DateTime)) GO INSERT [dbo].[Grade] ([ID], [StudentID], [CourseID], [TeacherID], [Grade], [Comment], [CreatedDate]) VALUES (350, 479, 27, 27, 7, N'Neredoven', CAST(N'2002-03-01T00:00:00.000' AS DateTime)) GO INSERT [dbo].[Grade] ([ID], [StudentID], [CourseID], [TeacherID], [Grade], [Comment], [CreatedDate]) VALUES (351, 479, 28, 28, 8, N'Dobar', CAST(N'2002-04-11T00:00:00.000' AS DateTime)) GO INSERT [dbo].[Grade] ([ID], [StudentID], [CourseID], [TeacherID], [Grade], [Comment], [CreatedDate]) VALUES (352, 479, 29, 70, 7, N'Dobar', CAST(N'2001-05-30T00:00:00.000' AS DateTime)) GO INSERT [dbo].[Grade] ([ID], [StudentID], [CourseID], [TeacherID], [Grade], [Comment], [CreatedDate]) VALUES (353, 479, 34, 34, 7, N'Neredoven', CAST(N'2002-11-03T00:00:00.000' AS DateTime)) GO INSERT [dbo].[Grade] ([ID], [StudentID], [CourseID], [TeacherID], [Grade], [Comment], [CreatedDate]) VALUES (354, 479, 35, 76, 6, N'Dobar', CAST(N'2002-04-10T00:00:00.000' AS DateTime)) GO INSERT [dbo].[Grade] ([ID], [StudentID], [CourseID], [TeacherID], [Grade], [Comment], [CreatedDate]) VALUES (355, 479, 36, 36, 8, N'Neredoven', CAST(N'2003-01-19T00:00:00.000' AS DateTime)) GO INSERT [dbo].[Grade] ([ID], [StudentID], [CourseID], [TeacherID], [Grade], [Comment], [CreatedDate]) VALUES (356, 479, 37, 37, 9, N'Snaodliv', CAST(N'2003-02-16T00:00:00.000' AS DateTime)) GO INSERT [dbo].[Grade] ([ID], [StudentID], [CourseID], [TeacherID], [Grade], [Comment], [CreatedDate]) VALUES (357, 479, 38, 38, 9, N'Komunikativen', CAST(N'2002-10-25T00:00:00.000' AS DateTime)) GO INSERT [dbo].[Grade] ([ID], [StudentID], [CourseID], [TeacherID], [Grade], [Comment], [CreatedDate]) VALUES (358, 479, 39, 39, 6, N'Komunikativen', CAST(N'2003-03-05T00:00:00.000' AS DateTime)) GO INSERT [dbo].[Grade] ([ID], [StudentID], [CourseID], [TeacherID], [Grade], [Comment], [CreatedDate]) VALUES (359, 499, 0, 82, 7, N'Dobar', CAST(N'1999-02-13T00:00:00.000' AS DateTime)) GO INSERT [dbo].[Grade] ([ID], [StudentID], [CourseID], [TeacherID], [Grade], [Comment], [CreatedDate]) VALUES (360, 499, 1, 1, 10, N'Vreden', CAST(N'1999-07-28T00:00:00.000' AS DateTime)) GO INSERT [dbo].[Grade] ([ID], [StudentID], [CourseID], [TeacherID], [Grade], [Comment], [CreatedDate]) VALUES (361, 499, 2, 43, 10, N'Neispolnitelen', CAST(N'1999-02-10T00:00:00.000' AS DateTime)) GO INSERT [dbo].[Grade] ([ID], [StudentID], [CourseID], [TeacherID], [Grade], [Comment], [CreatedDate]) VALUES (362, 499, 3, 3, 9, N'Neispolnitelen', CAST(N'1999-03-17T00:00:00.000' AS DateTime)) GO INSERT [dbo].[Grade] ([ID], [StudentID], [CourseID], [TeacherID], [Grade], [Comment], [CreatedDate]) VALUES (363, 499, 4, 4, 9, N'Neispolnitelen', CAST(N'1999-06-13T00:00:00.000' AS DateTime)) GO INSERT [dbo].[Grade] ([ID], [StudentID], [CourseID], [TeacherID], [Grade], [Comment], [CreatedDate]) VALUES (364, 499, 5, 5, 6, N'Trudoljubiv', CAST(N'2000-06-02T00:00:00.000' AS DateTime)) GO INSERT [dbo].[Grade] ([ID], [StudentID], [CourseID], [TeacherID], [Grade], [Comment], [CreatedDate]) VALUES (365, 499, 6, 6, 10, N'Vreden', CAST(N'1999-07-01T00:00:00.000' AS DateTime)) GO INSERT [dbo].[Grade] ([ID], [StudentID], [CourseID], [TeacherID], [Grade], [Comment], [CreatedDate]) VALUES (366, 499, 7, 7, 7, N'Dobar', CAST(N'2000-01-30T00:00:00.000' AS DateTime)) GO INSERT [dbo].[Grade] ([ID], [StudentID], [CourseID], [TeacherID], [Grade], [Comment], [CreatedDate]) VALUES (367, 499, 8, 49, 9, N'Dobar', CAST(N'1999-12-28T00:00:00.000' AS DateTime)) GO INSERT [dbo].[Grade] ([ID], [StudentID], [CourseID], [TeacherID], [Grade], [Comment], [CreatedDate]) VALUES (368, 499, 9, 50, 8, N'Neispolnitelen', CAST(N'2000-03-11T00:00:00.000' AS DateTime)) GO INSERT [dbo].[Grade] ([ID], [StudentID], [CourseID], [TeacherID], [Grade], [Comment], [CreatedDate]) VALUES (369, 499, 10, 51, 10, N'Snaodliv', CAST(N'2000-03-12T00:00:00.000' AS DateTime)) GO INSERT [dbo].[Grade] ([ID], [StudentID], [CourseID], [TeacherID], [Grade], [Comment], [CreatedDate]) VALUES (370, 499, 11, 11, 7, N'Neispolnitelen', CAST(N'2000-04-22T00:00:00.000' AS DateTime)) GO INSERT [dbo].[Grade] ([ID], [StudentID], [CourseID], [TeacherID], [Grade], [Comment], [CreatedDate]) VALUES (371, 499, 12, 12, 6, N'Trudoljubiv', CAST(N'2000-08-18T00:00:00.000' AS DateTime)) GO INSERT [dbo].[Grade] ([ID], [StudentID], [CourseID], [TeacherID], [Grade], [Comment], [CreatedDate]) VALUES (372, 499, 13, 13, 9, N'Vreden', CAST(N'2000-09-28T00:00:00.000' AS DateTime)) GO INSERT [dbo].[Grade] ([ID], [StudentID], [CourseID], [TeacherID], [Grade], [Comment], [CreatedDate]) VALUES (373, 499, 14, 14, 9, N'Dobar', CAST(N'2000-11-13T00:00:00.000' AS DateTime)) GO INSERT [dbo].[Grade] ([ID], [StudentID], [CourseID], [TeacherID], [Grade], [Comment], [CreatedDate]) VALUES (374, 499, 15, 15, 8, N'Vreden', CAST(N'2000-02-10T00:00:00.000' AS DateTime)) GO INSERT [dbo].[Grade] ([ID], [StudentID], [CourseID], [TeacherID], [Grade], [Comment], [CreatedDate]) VALUES (375, 499, 16, 16, 7, N'Trudoljubiv', CAST(N'2000-07-23T00:00:00.000' AS DateTime)) GO INSERT [dbo].[Grade] ([ID], [StudentID], [CourseID], [TeacherID], [Grade], [Comment], [CreatedDate]) VALUES (376, 499, 17, 17, 10, N'Neispolnitelen', CAST(N'2000-12-17T00:00:00.000' AS DateTime)) GO INSERT [dbo].[Grade] ([ID], [StudentID], [CourseID], [TeacherID], [Grade], [Comment], [CreatedDate]) VALUES (377, 499, 18, 18, 8, N'Neispolnitelen', CAST(N'2001-03-29T00:00:00.000' AS DateTime)) GO INSERT [dbo].[Grade] ([ID], [StudentID], [CourseID], [TeacherID], [Grade], [Comment], [CreatedDate]) VALUES (378, 499, 19, 60, 7, N'Snaodliv', CAST(N'2000-11-14T00:00:00.000' AS DateTime)) GO INSERT [dbo].[Grade] ([ID], [StudentID], [CourseID], [TeacherID], [Grade], [Comment], [CreatedDate]) VALUES (379, 499, 20, 20, 7, N'Vreden', CAST(N'2000-10-03T00:00:00.000' AS DateTime)) GO INSERT [dbo].[Grade] ([ID], [StudentID], [CourseID], [TeacherID], [Grade], [Comment], [CreatedDate]) VALUES (380, 499, 21, 21, 9, N'Dobar', CAST(N'2001-06-26T00:00:00.000' AS DateTime)) GO INSERT [dbo].[Grade] ([ID], [StudentID], [CourseID], [TeacherID], [Grade], [Comment], [CreatedDate]) VALUES (381, 499, 22, 22, 10, N'Vreden', CAST(N'2000-12-21T00:00:00.000' AS DateTime)) GO INSERT [dbo].[Grade] ([ID], [StudentID], [CourseID], [TeacherID], [Grade], [Comment], [CreatedDate]) VALUES (382, 499, 23, 23, 9, N'Trudoljubiv', CAST(N'2001-02-17T00:00:00.000' AS DateTime)) GO INSERT [dbo].[Grade] ([ID], [StudentID], [CourseID], [TeacherID], [Grade], [Comment], [CreatedDate]) VALUES (383, 499, 24, 24, 6, N'Neispolnitelen', CAST(N'2001-02-26T00:00:00.000' AS DateTime)) GO INSERT [dbo].[Grade] ([ID], [StudentID], [CourseID], [TeacherID], [Grade], [Comment], [CreatedDate]) VALUES (384, 499, 25, 25, 7, N'Neispolnitelen', CAST(N'2001-01-19T00:00:00.000' AS DateTime)) GO INSERT [dbo].[Grade] ([ID], [StudentID], [CourseID], [TeacherID], [Grade], [Comment], [CreatedDate]) VALUES (385, 499, 26, 26, 8, N'Trudoljubiv', CAST(N'2001-10-25T00:00:00.000' AS DateTime)) GO INSERT [dbo].[Grade] ([ID], [StudentID], [CourseID], [TeacherID], [Grade], [Comment], [CreatedDate]) VALUES (386, 499, 27, 27, 8, N'Vreden', CAST(N'2001-07-14T00:00:00.000' AS DateTime)) GO INSERT [dbo].[Grade] ([ID], [StudentID], [CourseID], [TeacherID], [Grade], [Comment], [CreatedDate]) VALUES (387, 499, 28, 28, 9, N'Dobar', CAST(N'2002-03-02T00:00:00.000' AS DateTime)) GO INSERT [dbo].[Grade] ([ID], [StudentID], [CourseID], [TeacherID], [Grade], [Comment], [CreatedDate]) VALUES (388, 499, 29, 70, 9, N'Dobar', CAST(N'2002-04-04T00:00:00.000' AS DateTime)) GO INSERT [dbo].[Grade] ([ID], [StudentID], [CourseID], [TeacherID], [Grade], [Comment], [CreatedDate]) VALUES (389, 499, 34, 34, 6, N'Vreden', CAST(N'2001-12-31T00:00:00.000' AS DateTime)) GO INSERT [dbo].[Grade] ([ID], [StudentID], [CourseID], [TeacherID], [Grade], [Comment], [CreatedDate]) VALUES (390, 499, 35, 76, 6, N'Dobar', CAST(N'2002-07-11T00:00:00.000' AS DateTime)) GO INSERT [dbo].[Grade] ([ID], [StudentID], [CourseID], [TeacherID], [Grade], [Comment], [CreatedDate]) VALUES (391, 499, 36, 36, 7, N'Vreden', CAST(N'2003-01-30T00:00:00.000' AS DateTime)) GO INSERT [dbo].[Grade] ([ID], [StudentID], [CourseID], [TeacherID], [Grade], [Comment], [CreatedDate]) VALUES (392, 499, 37, 37, 9, N'Trudoljubiv', CAST(N'2002-07-17T00:00:00.000' AS DateTime)) GO INSERT [dbo].[Grade] ([ID], [StudentID], [CourseID], [TeacherID], [Grade], [Comment], [CreatedDate]) VALUES (393, 499, 38, 38, 8, N'Neispolnitelen', CAST(N'2003-04-28T00:00:00.000' AS DateTime)) GO INSERT [dbo].[Grade] ([ID], [StudentID], [CourseID], [TeacherID], [Grade], [Comment], [CreatedDate]) VALUES (394, 499, 39, 39, 10, N'Neispolnitelen', CAST(N'2002-10-31T00:00:00.000' AS DateTime)) GO INSERT [dbo].[Grade] ([ID], [StudentID], [CourseID], [TeacherID], [Grade], [Comment], [CreatedDate]) VALUES (395, 366, 0, 0, 9, N'Dobar', CAST(N'1998-12-26T00:00:00.000' AS DateTime)) GO INSERT [dbo].[Grade] ([ID], [StudentID], [CourseID], [TeacherID], [Grade], [Comment], [CreatedDate]) VALUES (396, 366, 1, 1, 10, N'Vreden', CAST(N'1999-06-03T00:00:00.000' AS DateTime)) GO INSERT [dbo].[Grade] ([ID], [StudentID], [CourseID], [TeacherID], [Grade], [Comment], [CreatedDate]) VALUES (397, 366, 2, 43, 6, N'Neispolnitelen', CAST(N'1999-09-02T00:00:00.000' AS DateTime)) GO INSERT [dbo].[Grade] ([ID], [StudentID], [CourseID], [TeacherID], [Grade], [Comment], [CreatedDate]) VALUES (398, 366, 3, 85, 8, N'Komunikativen', CAST(N'1999-06-11T00:00:00.000' AS DateTime)) GO INSERT [dbo].[Grade] ([ID], [StudentID], [CourseID], [TeacherID], [Grade], [Comment], [CreatedDate]) VALUES (399, 366, 4, 4, 6, N'Neispolnitelen', CAST(N'1999-05-26T00:00:00.000' AS DateTime)) GO INSERT [dbo].[Grade] ([ID], [StudentID], [CourseID], [TeacherID], [Grade], [Comment], [CreatedDate]) VALUES (400, 366, 5, 5, 6, N'Trudoljubiv', CAST(N'1999-11-01T00:00:00.000' AS DateTime)) GO INSERT [dbo].[Grade] ([ID], [StudentID], [CourseID], [TeacherID], [Grade], [Comment], [CreatedDate]) VALUES (401, 366, 6, 6, 8, N'Vreden', CAST(N'1999-12-13T00:00:00.000' AS DateTime)) GO INSERT [dbo].[Grade] ([ID], [StudentID], [CourseID], [TeacherID], [Grade], [Comment], [CreatedDate]) VALUES (402, 366, 7, 7, 9, N'Dobar', CAST(N'1999-07-18T00:00:00.000' AS DateTime)) GO INSERT [dbo].[Grade] ([ID], [StudentID], [CourseID], [TeacherID], [Grade], [Comment], [CreatedDate]) VALUES (403, 366, 8, 8, 6, N'Vreden', CAST(N'2000-01-31T00:00:00.000' AS DateTime)) GO INSERT [dbo].[Grade] ([ID], [StudentID], [CourseID], [TeacherID], [Grade], [Comment], [CreatedDate]) VALUES (404, 366, 9, 9, 8, N'Trudoljubiv', CAST(N'1999-08-13T00:00:00.000' AS DateTime)) GO INSERT [dbo].[Grade] ([ID], [StudentID], [CourseID], [TeacherID], [Grade], [Comment], [CreatedDate]) VALUES (405, 366, 10, 10, 7, N'Neispolnitelen', CAST(N'2000-04-05T00:00:00.000' AS DateTime)) GO INSERT [dbo].[Grade] ([ID], [StudentID], [CourseID], [TeacherID], [Grade], [Comment], [CreatedDate]) VALUES (406, 366, 11, 11, 8, N'Neispolnitelen', CAST(N'2000-05-19T00:00:00.000' AS DateTime)) GO INSERT [dbo].[Grade] ([ID], [StudentID], [CourseID], [TeacherID], [Grade], [Comment], [CreatedDate]) VALUES (407, 366, 12, 12, 8, N'Trudoljubiv', CAST(N'2000-10-14T00:00:00.000' AS DateTime)) GO INSERT [dbo].[Grade] ([ID], [StudentID], [CourseID], [TeacherID], [Grade], [Comment], [CreatedDate]) VALUES (408, 366, 13, 13, 6, N'Vreden', CAST(N'2000-05-29T00:00:00.000' AS DateTime)) GO INSERT [dbo].[Grade] ([ID], [StudentID], [CourseID], [TeacherID], [Grade], [Comment], [CreatedDate]) VALUES (409, 366, 14, 14, 7, N'Dobar', CAST(N'2000-11-11T00:00:00.000' AS DateTime)) GO INSERT [dbo].[Grade] ([ID], [StudentID], [CourseID], [TeacherID], [Grade], [Comment], [CreatedDate]) VALUES (410, 366, 15, 56, 10, N'Dobar', CAST(N'2000-10-05T00:00:00.000' AS DateTime)) GO INSERT [dbo].[Grade] ([ID], [StudentID], [CourseID], [TeacherID], [Grade], [Comment], [CreatedDate]) VALUES (411, 366, 16, 16, 6, N'Trudoljubiv', CAST(N'2000-08-16T00:00:00.000' AS DateTime)) GO INSERT [dbo].[Grade] ([ID], [StudentID], [CourseID], [TeacherID], [Grade], [Comment], [CreatedDate]) VALUES (412, 366, 17, 17, 10, N'Neispolnitelen', CAST(N'2000-06-24T00:00:00.000' AS DateTime)) GO INSERT [dbo].[Grade] ([ID], [StudentID], [CourseID], [TeacherID], [Grade], [Comment], [CreatedDate]) VALUES (413, 366, 18, 18, 6, N'Neispolnitelen', CAST(N'2000-07-23T00:00:00.000' AS DateTime)) GO INSERT [dbo].[Grade] ([ID], [StudentID], [CourseID], [TeacherID], [Grade], [Comment], [CreatedDate]) VALUES (414, 366, 19, 60, 8, N'Snaodliv', CAST(N'2000-12-27T00:00:00.000' AS DateTime)) GO INSERT [dbo].[Grade] ([ID], [StudentID], [CourseID], [TeacherID], [Grade], [Comment], [CreatedDate]) VALUES (415, 366, 20, 20, 7, N'Vreden', CAST(N'2000-10-23T00:00:00.000' AS DateTime)) GO INSERT [dbo].[Grade] ([ID], [StudentID], [CourseID], [TeacherID], [Grade], [Comment], [CreatedDate]) VALUES (416, 366, 21, 21, 8, N'Dobar', CAST(N'2001-06-02T00:00:00.000' AS DateTime)) GO INSERT [dbo].[Grade] ([ID], [StudentID], [CourseID], [TeacherID], [Grade], [Comment], [CreatedDate]) VALUES (417, 366, 22, 22, 6, N'Vreden', CAST(N'2001-01-23T00:00:00.000' AS DateTime)) GO INSERT [dbo].[Grade] ([ID], [StudentID], [CourseID], [TeacherID], [Grade], [Comment], [CreatedDate]) VALUES (418, 366, 23, 23, 7, N'Trudoljubiv', CAST(N'2001-08-07T00:00:00.000' AS DateTime)) GO INSERT [dbo].[Grade] ([ID], [StudentID], [CourseID], [TeacherID], [Grade], [Comment], [CreatedDate]) VALUES (419, 366, 24, 24, 8, N'Neispolnitelen', CAST(N'2001-01-05T00:00:00.000' AS DateTime)) GO INSERT [dbo].[Grade] ([ID], [StudentID], [CourseID], [TeacherID], [Grade], [Comment], [CreatedDate]) VALUES (420, 366, 25, 25, 7, N'Neispolnitelen', CAST(N'2001-03-22T00:00:00.000' AS DateTime)) GO INSERT [dbo].[Grade] ([ID], [StudentID], [CourseID], [TeacherID], [Grade], [Comment], [CreatedDate]) VALUES (421, 366, 26, 26, 6, N'Trudoljubiv', CAST(N'2002-04-12T00:00:00.000' AS DateTime)) GO INSERT [dbo].[Grade] ([ID], [StudentID], [CourseID], [TeacherID], [Grade], [Comment], [CreatedDate]) VALUES (422, 366, 27, 27, 9, N'Vreden', CAST(N'2002-04-08T00:00:00.000' AS DateTime)) GO INSERT [dbo].[Grade] ([ID], [StudentID], [CourseID], [TeacherID], [Grade], [Comment], [CreatedDate]) VALUES (423, 366, 28, 69, 8, N'Dobar', CAST(N'2002-05-09T00:00:00.000' AS DateTime)) GO INSERT [dbo].[Grade] ([ID], [StudentID], [CourseID], [TeacherID], [Grade], [Comment], [CreatedDate]) VALUES (424, 366, 29, 29, 8, N'Vreden', CAST(N'2002-05-28T00:00:00.000' AS DateTime)) GO INSERT [dbo].[Grade] ([ID], [StudentID], [CourseID], [TeacherID], [Grade], [Comment], [CreatedDate]) VALUES (425, 366, 30, 71, 9, N'Neispolnitelen', CAST(N'2001-10-11T00:00:00.000' AS DateTime)) GO INSERT [dbo].[Grade] ([ID], [StudentID], [CourseID], [TeacherID], [Grade], [Comment], [CreatedDate]) VALUES (426, 366, 31, 31, 7, N'Neispolnitelen', CAST(N'2002-10-30T00:00:00.000' AS DateTime)) GO INSERT [dbo].[Grade] ([ID], [StudentID], [CourseID], [TeacherID], [Grade], [Comment], [CreatedDate]) VALUES (427, 366, 32, 73, 7, N'Neredoven', CAST(N'2001-12-19T00:00:00.000' AS DateTime)) GO INSERT [dbo].[Grade] ([ID], [StudentID], [CourseID], [TeacherID], [Grade], [Comment], [CreatedDate]) VALUES (428, 366, 33, 33, 7, N'Trudoljubiv', CAST(N'2002-01-22T00:00:00.000' AS DateTime)) GO INSERT [dbo].[Grade] ([ID], [StudentID], [CourseID], [TeacherID], [Grade], [Comment], [CreatedDate]) VALUES (429, 366, 34, 34, 8, N'Vreden', CAST(N'2002-06-22T00:00:00.000' AS DateTime)) GO INSERT [dbo].[Grade] ([ID], [StudentID], [CourseID], [TeacherID], [Grade], [Comment], [CreatedDate]) VALUES (430, 366, 35, 35, 9, N'Dobar', CAST(N'2002-09-30T00:00:00.000' AS DateTime)) GO INSERT [dbo].[Grade] ([ID], [StudentID], [CourseID], [TeacherID], [Grade], [Comment], [CreatedDate]) VALUES (431, 366, 36, 36, 6, N'Vreden', CAST(N'2003-02-02T00:00:00.000' AS DateTime)) GO INSERT [dbo].[Grade] ([ID], [StudentID], [CourseID], [TeacherID], [Grade], [Comment], [CreatedDate]) VALUES (432, 366, 37, 37, 9, N'Trudoljubiv', CAST(N'2002-11-23T00:00:00.000' AS DateTime)) GO INSERT [dbo].[Grade] ([ID], [StudentID], [CourseID], [TeacherID], [Grade], [Comment], [CreatedDate]) VALUES (433, 366, 38, 38, 7, N'Neispolnitelen', CAST(N'2003-03-21T00:00:00.000' AS DateTime)) GO INSERT [dbo].[Grade] ([ID], [StudentID], [CourseID], [TeacherID], [Grade], [Comment], [CreatedDate]) VALUES (434, 366, 39, 39, 10, N'Neispolnitelen', CAST(N'2003-03-07T00:00:00.000' AS DateTime)) GO INSERT [dbo].[Grade] ([ID], [StudentID], [CourseID], [TeacherID], [Grade], [Comment], [CreatedDate]) VALUES (435, 366, 40, 81, 8, N'Snaodliv', CAST(N'2003-03-05T00:00:00.000' AS DateTime)) GO INSERT [dbo].[Grade] ([ID], [StudentID], [CourseID], [TeacherID], [Grade], [Comment], [CreatedDate]) VALUES (436, 386, 0, 0, 8, N'Dobar', CAST(N'2000-01-28T00:00:00.000' AS DateTime)) GO INSERT [dbo].[Grade] ([ID], [StudentID], [CourseID], [TeacherID], [Grade], [Comment], [CreatedDate]) VALUES (437, 386, 1, 1, 10, N'Trudoljubiv', CAST(N'1999-08-09T00:00:00.000' AS DateTime)) GO INSERT [dbo].[Grade] ([ID], [StudentID], [CourseID], [TeacherID], [Grade], [Comment], [CreatedDate]) VALUES (438, 386, 2, 43, 10, N'Vreden', CAST(N'1999-03-21T00:00:00.000' AS DateTime)) GO INSERT [dbo].[Grade] ([ID], [StudentID], [CourseID], [TeacherID], [Grade], [Comment], [CreatedDate]) VALUES (439, 386, 3, 85, 7, N'Neredoven', CAST(N'1999-07-02T00:00:00.000' AS DateTime)) GO INSERT [dbo].[Grade] ([ID], [StudentID], [CourseID], [TeacherID], [Grade], [Comment], [CreatedDate]) VALUES (440, 386, 4, 4, 9, N'Vreden', CAST(N'1999-11-04T00:00:00.000' AS DateTime)) GO INSERT [dbo].[Grade] ([ID], [StudentID], [CourseID], [TeacherID], [Grade], [Comment], [CreatedDate]) VALUES (441, 386, 5, 5, 7, N'Neispolnitelen', CAST(N'2000-06-28T00:00:00.000' AS DateTime)) GO INSERT [dbo].[Grade] ([ID], [StudentID], [CourseID], [TeacherID], [Grade], [Comment], [CreatedDate]) VALUES (442, 386, 6, 6, 6, N'Trudoljubiv', CAST(N'2000-03-15T00:00:00.000' AS DateTime)) GO INSERT [dbo].[Grade] ([ID], [StudentID], [CourseID], [TeacherID], [Grade], [Comment], [CreatedDate]) VALUES (443, 386, 7, 7, 10, N'Dobar', CAST(N'1999-12-19T00:00:00.000' AS DateTime)) GO INSERT [dbo].[Grade] ([ID], [StudentID], [CourseID], [TeacherID], [Grade], [Comment], [CreatedDate]) VALUES (444, 386, 8, 8, 6, N'Trudoljubiv', CAST(N'2000-02-19T00:00:00.000' AS DateTime)) GO INSERT [dbo].[Grade] ([ID], [StudentID], [CourseID], [TeacherID], [Grade], [Comment], [CreatedDate]) VALUES (445, 386, 9, 50, 10, N'Vreden', CAST(N'1999-08-02T00:00:00.000' AS DateTime)) GO INSERT [dbo].[Grade] ([ID], [StudentID], [CourseID], [TeacherID], [Grade], [Comment], [CreatedDate]) VALUES (446, 386, 10, 51, 8, N'Komunikativen', CAST(N'2000-05-22T00:00:00.000' AS DateTime)) GO INSERT [dbo].[Grade] ([ID], [StudentID], [CourseID], [TeacherID], [Grade], [Comment], [CreatedDate]) VALUES (447, 386, 11, 11, 9, N'Vreden', CAST(N'2000-10-16T00:00:00.000' AS DateTime)) GO INSERT [dbo].[Grade] ([ID], [StudentID], [CourseID], [TeacherID], [Grade], [Comment], [CreatedDate]) VALUES (448, 386, 12, 12, 10, N'Neispolnitelen', CAST(N'2000-08-05T00:00:00.000' AS DateTime)) GO INSERT [dbo].[Grade] ([ID], [StudentID], [CourseID], [TeacherID], [Grade], [Comment], [CreatedDate]) VALUES (449, 386, 13, 13, 7, N'Trudoljubiv', CAST(N'2000-03-04T00:00:00.000' AS DateTime)) GO INSERT [dbo].[Grade] ([ID], [StudentID], [CourseID], [TeacherID], [Grade], [Comment], [CreatedDate]) VALUES (450, 386, 14, 14, 6, N'Dobar', CAST(N'2000-10-19T00:00:00.000' AS DateTime)) GO INSERT [dbo].[Grade] ([ID], [StudentID], [CourseID], [TeacherID], [Grade], [Comment], [CreatedDate]) VALUES (451, 386, 15, 56, 7, N'Dobar', CAST(N'2000-08-27T00:00:00.000' AS DateTime)) GO INSERT [dbo].[Grade] ([ID], [StudentID], [CourseID], [TeacherID], [Grade], [Comment], [CreatedDate]) VALUES (452, 386, 16, 16, 8, N'Neispolnitelen', CAST(N'2001-02-26T00:00:00.000' AS DateTime)) GO INSERT [dbo].[Grade] ([ID], [StudentID], [CourseID], [TeacherID], [Grade], [Comment], [CreatedDate]) VALUES (453, 386, 17, 58, 8, N'Komunikativen', CAST(N'2001-06-07T00:00:00.000' AS DateTime)) GO INSERT [dbo].[Grade] ([ID], [StudentID], [CourseID], [TeacherID], [Grade], [Comment], [CreatedDate]) VALUES (454, 386, 18, 18, 6, N'Vreden', CAST(N'2000-12-08T00:00:00.000' AS DateTime)) GO INSERT [dbo].[Grade] ([ID], [StudentID], [CourseID], [TeacherID], [Grade], [Comment], [CreatedDate]) VALUES (455, 386, 19, 19, 8, N'Neispolnitelen', CAST(N'2000-11-08T00:00:00.000' AS DateTime)) GO INSERT [dbo].[Grade] ([ID], [StudentID], [CourseID], [TeacherID], [Grade], [Comment], [CreatedDate]) VALUES (456, 386, 20, 20, 7, N'Trudoljubiv', CAST(N'2001-02-19T00:00:00.000' AS DateTime)) GO INSERT [dbo].[Grade] ([ID], [StudentID], [CourseID], [TeacherID], [Grade], [Comment], [CreatedDate]) VALUES (457, 386, 21, 21, 7, N'Dobar', CAST(N'2001-09-22T00:00:00.000' AS DateTime)) GO INSERT [dbo].[Grade] ([ID], [StudentID], [CourseID], [TeacherID], [Grade], [Comment], [CreatedDate]) VALUES (458, 386, 22, 22, 9, N'Trudoljubiv', CAST(N'2001-10-08T00:00:00.000' AS DateTime)) GO INSERT [dbo].[Grade] ([ID], [StudentID], [CourseID], [TeacherID], [Grade], [Comment], [CreatedDate]) VALUES (459, 386, 23, 23, 6, N'Neispolnitelen', CAST(N'2001-05-09T00:00:00.000' AS DateTime)) GO INSERT [dbo].[Grade] ([ID], [StudentID], [CourseID], [TeacherID], [Grade], [Comment], [CreatedDate]) VALUES (460, 386, 24, 24, 8, N'Vreden', CAST(N'2001-05-04T00:00:00.000' AS DateTime)) GO INSERT [dbo].[Grade] ([ID], [StudentID], [CourseID], [TeacherID], [Grade], [Comment], [CreatedDate]) VALUES (461, 386, 25, 25, 9, N'Vreden', CAST(N'2001-12-08T00:00:00.000' AS DateTime)) GO INSERT [dbo].[Grade] ([ID], [StudentID], [CourseID], [TeacherID], [Grade], [Comment], [CreatedDate]) VALUES (462, 386, 26, 26, 6, N'Neispolnitelen', CAST(N'2002-04-26T00:00:00.000' AS DateTime)) GO INSERT [dbo].[Grade] ([ID], [StudentID], [CourseID], [TeacherID], [Grade], [Comment], [CreatedDate]) VALUES (463, 386, 27, 27, 9, N'Trudoljubiv', CAST(N'2001-10-08T00:00:00.000' AS DateTime)) GO INSERT [dbo].[Grade] ([ID], [StudentID], [CourseID], [TeacherID], [Grade], [Comment], [CreatedDate]) VALUES (464, 386, 28, 69, 8, N'Dobar', CAST(N'2002-01-27T00:00:00.000' AS DateTime)) GO INSERT [dbo].[Grade] ([ID], [StudentID], [CourseID], [TeacherID], [Grade], [Comment], [CreatedDate]) VALUES (465, 386, 29, 70, 9, N'Dobar', CAST(N'2002-04-08T00:00:00.000' AS DateTime)) GO INSERT [dbo].[Grade] ([ID], [StudentID], [CourseID], [TeacherID], [Grade], [Comment], [CreatedDate]) VALUES (466, 386, 30, 30, 8, N'Neispolnitelen', CAST(N'2002-06-26T00:00:00.000' AS DateTime)) GO INSERT [dbo].[Grade] ([ID], [StudentID], [CourseID], [TeacherID], [Grade], [Comment], [CreatedDate]) VALUES (467, 386, 31, 31, 10, N'Vreden', CAST(N'2002-01-27T00:00:00.000' AS DateTime)) GO INSERT [dbo].[Grade] ([ID], [StudentID], [CourseID], [TeacherID], [Grade], [Comment], [CreatedDate]) VALUES (468, 386, 32, 32, 10, N'Vreden', CAST(N'2002-12-12T00:00:00.000' AS DateTime)) GO INSERT [dbo].[Grade] ([ID], [StudentID], [CourseID], [TeacherID], [Grade], [Comment], [CreatedDate]) VALUES (469, 386, 33, 33, 10, N'Neispolnitelen', CAST(N'2002-01-27T00:00:00.000' AS DateTime)) GO INSERT [dbo].[Grade] ([ID], [StudentID], [CourseID], [TeacherID], [Grade], [Comment], [CreatedDate]) VALUES (470, 386, 34, 34, 7, N'Trudoljubiv', CAST(N'2002-06-05T00:00:00.000' AS DateTime)) GO INSERT [dbo].[Grade] ([ID], [StudentID], [CourseID], [TeacherID], [Grade], [Comment], [CreatedDate]) VALUES (471, 386, 35, 35, 6, N'Dobar', CAST(N'2002-02-20T00:00:00.000' AS DateTime)) GO INSERT [dbo].[Grade] ([ID], [StudentID], [CourseID], [TeacherID], [Grade], [Comment], [CreatedDate]) VALUES (472, 386, 36, 36, 10, N'Trudoljubiv', CAST(N'2002-11-24T00:00:00.000' AS DateTime)) GO INSERT [dbo].[Grade] ([ID], [StudentID], [CourseID], [TeacherID], [Grade], [Comment], [CreatedDate]) VALUES (473, 386, 37, 37, 7, N'Neispolnitelen', CAST(N'2003-02-04T00:00:00.000' AS DateTime)) GO INSERT [dbo].[Grade] ([ID], [StudentID], [CourseID], [TeacherID], [Grade], [Comment], [CreatedDate]) VALUES (474, 386, 38, 38, 9, N'Vreden', CAST(N'2003-03-08T00:00:00.000' AS DateTime)) GO INSERT [dbo].[Grade] ([ID], [StudentID], [CourseID], [TeacherID], [Grade], [Comment], [CreatedDate]) VALUES (475, 386, 39, 39, 10, N'Vreden', CAST(N'2002-09-01T00:00:00.000' AS DateTime)) GO INSERT [dbo].[Grade] ([ID], [StudentID], [CourseID], [TeacherID], [Grade], [Comment], [CreatedDate]) VALUES (476, 386, 40, 81, 9, N'Komunikativen', CAST(N'2003-04-21T00:00:00.000' AS DateTime)) GO INSERT [dbo].[Grade] ([ID], [StudentID], [CourseID], [TeacherID], [Grade], [Comment], [CreatedDate]) VALUES (477, 38, 0, 41, 10, N'Dobar', CAST(N'1999-06-26T00:00:00.000' AS DateTime)) GO INSERT [dbo].[Grade] ([ID], [StudentID], [CourseID], [TeacherID], [Grade], [Comment], [CreatedDate]) VALUES (478, 38, 1, 1, 8, N'Neredoven', CAST(N'2000-01-21T00:00:00.000' AS DateTime)) GO INSERT [dbo].[Grade] ([ID], [StudentID], [CourseID], [TeacherID], [Grade], [Comment], [CreatedDate]) VALUES (479, 38, 2, 2, 10, N'Snaodliv', CAST(N'1999-07-03T00:00:00.000' AS DateTime)) GO INSERT [dbo].[Grade] ([ID], [StudentID], [CourseID], [TeacherID], [Grade], [Comment], [CreatedDate]) VALUES (480, 38, 3, 3, 6, N'Komunikativen', CAST(N'1999-09-03T00:00:00.000' AS DateTime)) GO INSERT [dbo].[Grade] ([ID], [StudentID], [CourseID], [TeacherID], [Grade], [Comment], [CreatedDate]) VALUES (481, 38, 4, 4, 8, N'Komunikativen', CAST(N'1999-05-28T00:00:00.000' AS DateTime)) GO INSERT [dbo].[Grade] ([ID], [StudentID], [CourseID], [TeacherID], [Grade], [Comment], [CreatedDate]) VALUES (482, 38, 5, 5, 6, N'Snaodliv', CAST(N'1999-12-01T00:00:00.000' AS DateTime)) GO INSERT [dbo].[Grade] ([ID], [StudentID], [CourseID], [TeacherID], [Grade], [Comment], [CreatedDate]) VALUES (483, 38, 6, 6, 8, N'Neredoven', CAST(N'1999-09-01T00:00:00.000' AS DateTime)) GO INSERT [dbo].[Grade] ([ID], [StudentID], [CourseID], [TeacherID], [Grade], [Comment], [CreatedDate]) VALUES (484, 38, 7, 7, 8, N'Dobar', CAST(N'2000-07-08T00:00:00.000' AS DateTime)) GO INSERT [dbo].[Grade] ([ID], [StudentID], [CourseID], [TeacherID], [Grade], [Comment], [CreatedDate]) VALUES (485, 38, 8, 8, 8, N'Neredoven', CAST(N'2000-08-11T00:00:00.000' AS DateTime)) GO INSERT [dbo].[Grade] ([ID], [StudentID], [CourseID], [TeacherID], [Grade], [Comment], [CreatedDate]) VALUES (486, 38, 9, 9, 9, N'Snaodliv', CAST(N'1999-09-21T00:00:00.000' AS DateTime)) GO INSERT [dbo].[Grade] ([ID], [StudentID], [CourseID], [TeacherID], [Grade], [Comment], [CreatedDate]) VALUES (487, 38, 10, 51, 7, N'Neispolnitelen', CAST(N'2000-07-15T00:00:00.000' AS DateTime)) GO INSERT [dbo].[Grade] ([ID], [StudentID], [CourseID], [TeacherID], [Grade], [Comment], [CreatedDate]) VALUES (488, 38, 11, 11, 10, N'Komunikativen', CAST(N'2000-10-11T00:00:00.000' AS DateTime)) GO INSERT [dbo].[Grade] ([ID], [StudentID], [CourseID], [TeacherID], [Grade], [Comment], [CreatedDate]) VALUES (489, 38, 12, 12, 9, N'Snaodliv', CAST(N'2000-05-10T00:00:00.000' AS DateTime)) GO INSERT [dbo].[Grade] ([ID], [StudentID], [CourseID], [TeacherID], [Grade], [Comment], [CreatedDate]) VALUES (490, 38, 13, 13, 9, N'Neredoven', CAST(N'2001-01-08T00:00:00.000' AS DateTime)) GO INSERT [dbo].[Grade] ([ID], [StudentID], [CourseID], [TeacherID], [Grade], [Comment], [CreatedDate]) VALUES (491, 38, 14, 14, 8, N'Dobar', CAST(N'2000-07-29T00:00:00.000' AS DateTime)) GO INSERT [dbo].[Grade] ([ID], [StudentID], [CourseID], [TeacherID], [Grade], [Comment], [CreatedDate]) VALUES (492, 38, 15, 15, 9, N'Neredoven', CAST(N'2000-07-13T00:00:00.000' AS DateTime)) GO INSERT [dbo].[Grade] ([ID], [StudentID], [CourseID], [TeacherID], [Grade], [Comment], [CreatedDate]) VALUES (493, 38, 16, 16, 7, N'Snaodliv', CAST(N'2000-08-28T00:00:00.000' AS DateTime)) GO INSERT [dbo].[Grade] ([ID], [StudentID], [CourseID], [TeacherID], [Grade], [Comment], [CreatedDate]) VALUES (494, 38, 17, 58, 7, N'Neispolnitelen', CAST(N'2000-08-16T00:00:00.000' AS DateTime)) GO INSERT [dbo].[Grade] ([ID], [StudentID], [CourseID], [TeacherID], [Grade], [Comment], [CreatedDate]) VALUES (495, 38, 18, 18, 6, N'Komunikativen', CAST(N'2001-03-02T00:00:00.000' AS DateTime)) GO INSERT [dbo].[Grade] ([ID], [StudentID], [CourseID], [TeacherID], [Grade], [Comment], [CreatedDate]) VALUES (496, 38, 19, 19, 7, N'Snaodliv', CAST(N'2001-06-14T00:00:00.000' AS DateTime)) GO INSERT [dbo].[Grade] ([ID], [StudentID], [CourseID], [TeacherID], [Grade], [Comment], [CreatedDate]) VALUES (497, 38, 20, 20, 10, N'Neredoven', CAST(N'2001-03-31T00:00:00.000' AS DateTime)) GO INSERT [dbo].[Grade] ([ID], [StudentID], [CourseID], [TeacherID], [Grade], [Comment], [CreatedDate]) VALUES (498, 38, 21, 21, 6, N'Dobar', CAST(N'2001-11-10T00:00:00.000' AS DateTime)) GO INSERT [dbo].[Grade] ([ID], [StudentID], [CourseID], [TeacherID], [Grade], [Comment], [CreatedDate]) VALUES (499, 38, 22, 22, 9, N'Neredoven', CAST(N'2001-12-30T00:00:00.000' AS DateTime)) GO INSERT [dbo].[Grade] ([ID], [StudentID], [CourseID], [TeacherID], [Grade], [Comment], [CreatedDate]) VALUES (500, 38, 23, 23, 6, N'Snaodliv', CAST(N'2001-11-23T00:00:00.000' AS DateTime)) GO INSERT [dbo].[Grade] ([ID], [StudentID], [CourseID], [TeacherID], [Grade], [Comment], [CreatedDate]) VALUES (501, 38, 24, 24, 6, N'Komunikativen', CAST(N'2001-06-14T00:00:00.000' AS DateTime)) GO INSERT [dbo].[Grade] ([ID], [StudentID], [CourseID], [TeacherID], [Grade], [Comment], [CreatedDate]) VALUES (502, 38, 25, 25, 10, N'Komunikativen', CAST(N'2001-12-27T00:00:00.000' AS DateTime)) GO INSERT [dbo].[Grade] ([ID], [StudentID], [CourseID], [TeacherID], [Grade], [Comment], [CreatedDate]) VALUES (503, 38, 26, 26, 9, N'Snaodliv', CAST(N'2001-10-30T00:00:00.000' AS DateTime)) GO INSERT [dbo].[Grade] ([ID], [StudentID], [CourseID], [TeacherID], [Grade], [Comment], [CreatedDate]) VALUES (504, 38, 27, 27, 6, N'Neredoven', CAST(N'2001-12-20T00:00:00.000' AS DateTime)) GO INSERT [dbo].[Grade] ([ID], [StudentID], [CourseID], [TeacherID], [Grade], [Comment], [CreatedDate]) VALUES (505, 38, 28, 28, 9, N'Dobar', CAST(N'2002-04-26T00:00:00.000' AS DateTime)) GO INSERT [dbo].[Grade] ([ID], [StudentID], [CourseID], [TeacherID], [Grade], [Comment], [CreatedDate]) VALUES (506, 38, 29, 70, 6, N'Dobar', CAST(N'2002-03-11T00:00:00.000' AS DateTime)) GO INSERT [dbo].[Grade] ([ID], [StudentID], [CourseID], [TeacherID], [Grade], [Comment], [CreatedDate]) VALUES (507, 38, 34, 34, 7, N'Neredoven', CAST(N'2002-09-21T00:00:00.000' AS DateTime)) GO INSERT [dbo].[Grade] ([ID], [StudentID], [CourseID], [TeacherID], [Grade], [Comment], [CreatedDate]) VALUES (508, 38, 35, 35, 7, N'Dobar', CAST(N'2002-03-02T00:00:00.000' AS DateTime)) GO INSERT [dbo].[Grade] ([ID], [StudentID], [CourseID], [TeacherID], [Grade], [Comment], [CreatedDate]) VALUES (509, 38, 36, 36, 8, N'Neredoven', CAST(N'2003-01-29T00:00:00.000' AS DateTime)) GO INSERT [dbo].[Grade] ([ID], [StudentID], [CourseID], [TeacherID], [Grade], [Comment], [CreatedDate]) VALUES (510, 38, 37, 37, 10, N'Snaodliv', CAST(N'2002-10-24T00:00:00.000' AS DateTime)) GO INSERT [dbo].[Grade] ([ID], [StudentID], [CourseID], [TeacherID], [Grade], [Comment], [CreatedDate]) VALUES (511, 38, 38, 38, 7, N'Komunikativen', CAST(N'2002-09-15T00:00:00.000' AS DateTime)) GO INSERT [dbo].[Grade] ([ID], [StudentID], [CourseID], [TeacherID], [Grade], [Comment], [CreatedDate]) VALUES (512, 38, 39, 39, 10, N'Komunikativen', CAST(N'2003-03-21T00:00:00.000' AS DateTime)) GO INSERT [dbo].[Grade] ([ID], [StudentID], [CourseID], [TeacherID], [Grade], [Comment], [CreatedDate]) VALUES (513, 184, 0, 82, 10, N'Dobar', CAST(N'1999-09-18T00:00:00.000' AS DateTime)) GO INSERT [dbo].[Grade] ([ID], [StudentID], [CourseID], [TeacherID], [Grade], [Comment], [CreatedDate]) VALUES (514, 184, 1, 1, 8, N'Vreden', CAST(N'1999-06-06T00:00:00.000' AS DateTime)) GO INSERT [dbo].[Grade] ([ID], [StudentID], [CourseID], [TeacherID], [Grade], [Comment], [CreatedDate]) VALUES (515, 184, 2, 43, 6, N'Neispolnitelen', CAST(N'2000-01-22T00:00:00.000' AS DateTime)) GO INSERT [dbo].[Grade] ([ID], [StudentID], [CourseID], [TeacherID], [Grade], [Comment], [CreatedDate]) VALUES (516, 184, 3, 3, 8, N'Neispolnitelen', CAST(N'1999-10-31T00:00:00.000' AS DateTime)) GO INSERT [dbo].[Grade] ([ID], [StudentID], [CourseID], [TeacherID], [Grade], [Comment], [CreatedDate]) VALUES (517, 184, 4, 4, 6, N'Neispolnitelen', CAST(N'1999-06-19T00:00:00.000' AS DateTime)) GO INSERT [dbo].[Grade] ([ID], [StudentID], [CourseID], [TeacherID], [Grade], [Comment], [CreatedDate]) VALUES (518, 184, 5, 5, 8, N'Trudoljubiv', CAST(N'2000-06-18T00:00:00.000' AS DateTime)) GO INSERT [dbo].[Grade] ([ID], [StudentID], [CourseID], [TeacherID], [Grade], [Comment], [CreatedDate]) VALUES (519, 184, 6, 6, 9, N'Vreden', CAST(N'2000-07-22T00:00:00.000' AS DateTime)) GO INSERT [dbo].[Grade] ([ID], [StudentID], [CourseID], [TeacherID], [Grade], [Comment], [CreatedDate]) VALUES (520, 184, 7, 7, 8, N'Dobar', CAST(N'2000-04-23T00:00:00.000' AS DateTime)) GO INSERT [dbo].[Grade] ([ID], [StudentID], [CourseID], [TeacherID], [Grade], [Comment], [CreatedDate]) VALUES (521, 184, 8, 8, 6, N'Vreden', CAST(N'2000-06-08T00:00:00.000' AS DateTime)) GO INSERT [dbo].[Grade] ([ID], [StudentID], [CourseID], [TeacherID], [Grade], [Comment], [CreatedDate]) VALUES (522, 184, 9, 9, 8, N'Trudoljubiv', CAST(N'2000-02-15T00:00:00.000' AS DateTime)) GO INSERT [dbo].[Grade] ([ID], [StudentID], [CourseID], [TeacherID], [Grade], [Comment], [CreatedDate]) VALUES (523, 184, 10, 51, 9, N'Snaodliv', CAST(N'2000-06-27T00:00:00.000' AS DateTime)) GO INSERT [dbo].[Grade] ([ID], [StudentID], [CourseID], [TeacherID], [Grade], [Comment], [CreatedDate]) VALUES (524, 184, 11, 11, 8, N'Neispolnitelen', CAST(N'2001-02-01T00:00:00.000' AS DateTime)) GO INSERT [dbo].[Grade] ([ID], [StudentID], [CourseID], [TeacherID], [Grade], [Comment], [CreatedDate]) VALUES (525, 184, 12, 12, 8, N'Trudoljubiv', CAST(N'2000-10-04T00:00:00.000' AS DateTime)) GO INSERT [dbo].[Grade] ([ID], [StudentID], [CourseID], [TeacherID], [Grade], [Comment], [CreatedDate]) VALUES (526, 184, 13, 13, 9, N'Vreden', CAST(N'2000-05-22T00:00:00.000' AS DateTime)) GO INSERT [dbo].[Grade] ([ID], [StudentID], [CourseID], [TeacherID], [Grade], [Comment], [CreatedDate]) VALUES (527, 184, 14, 14, 10, N'Dobar', CAST(N'2001-01-17T00:00:00.000' AS DateTime)) GO INSERT [dbo].[Grade] ([ID], [StudentID], [CourseID], [TeacherID], [Grade], [Comment], [CreatedDate]) VALUES (528, 184, 15, 15, 9, N'Vreden', CAST(N'2000-12-15T00:00:00.000' AS DateTime)) GO INSERT [dbo].[Grade] ([ID], [StudentID], [CourseID], [TeacherID], [Grade], [Comment], [CreatedDate]) VALUES (529, 184, 16, 16, 10, N'Trudoljubiv', CAST(N'2000-10-20T00:00:00.000' AS DateTime)) GO INSERT [dbo].[Grade] ([ID], [StudentID], [CourseID], [TeacherID], [Grade], [Comment], [CreatedDate]) VALUES (530, 184, 17, 58, 6, N'Snaodliv', CAST(N'2000-12-26T00:00:00.000' AS DateTime)) GO INSERT [dbo].[Grade] ([ID], [StudentID], [CourseID], [TeacherID], [Grade], [Comment], [CreatedDate]) VALUES (531, 184, 18, 18, 6, N'Neispolnitelen', CAST(N'2000-10-09T00:00:00.000' AS DateTime)) GO INSERT [dbo].[Grade] ([ID], [StudentID], [CourseID], [TeacherID], [Grade], [Comment], [CreatedDate]) VALUES (532, 184, 19, 60, 9, N'Snaodliv', CAST(N'2000-09-24T00:00:00.000' AS DateTime)) GO INSERT [dbo].[Grade] ([ID], [StudentID], [CourseID], [TeacherID], [Grade], [Comment], [CreatedDate]) VALUES (533, 184, 20, 20, 10, N'Vreden', CAST(N'2000-10-03T00:00:00.000' AS DateTime)) GO INSERT [dbo].[Grade] ([ID], [StudentID], [CourseID], [TeacherID], [Grade], [Comment], [CreatedDate]) VALUES (534, 184, 21, 21, 7, N'Dobar', CAST(N'2001-04-11T00:00:00.000' AS DateTime)) GO INSERT [dbo].[Grade] ([ID], [StudentID], [CourseID], [TeacherID], [Grade], [Comment], [CreatedDate]) VALUES (535, 184, 22, 22, 8, N'Vreden', CAST(N'2001-06-03T00:00:00.000' AS DateTime)) GO INSERT [dbo].[Grade] ([ID], [StudentID], [CourseID], [TeacherID], [Grade], [Comment], [CreatedDate]) VALUES (536, 184, 23, 23, 8, N'Trudoljubiv', CAST(N'2002-01-02T00:00:00.000' AS DateTime)) GO INSERT [dbo].[Grade] ([ID], [StudentID], [CourseID], [TeacherID], [Grade], [Comment], [CreatedDate]) VALUES (537, 184, 24, 24, 9, N'Neispolnitelen', CAST(N'2001-12-15T00:00:00.000' AS DateTime)) GO INSERT [dbo].[Grade] ([ID], [StudentID], [CourseID], [TeacherID], [Grade], [Comment], [CreatedDate]) VALUES (538, 184, 25, 25, 8, N'Neispolnitelen', CAST(N'2001-08-28T00:00:00.000' AS DateTime)) GO INSERT [dbo].[Grade] ([ID], [StudentID], [CourseID], [TeacherID], [Grade], [Comment], [CreatedDate]) VALUES (539, 184, 26, 26, 8, N'Trudoljubiv', CAST(N'2001-11-05T00:00:00.000' AS DateTime)) GO INSERT [dbo].[Grade] ([ID], [StudentID], [CourseID], [TeacherID], [Grade], [Comment], [CreatedDate]) VALUES (540, 184, 27, 27, 7, N'Vreden', CAST(N'2001-09-27T00:00:00.000' AS DateTime)) GO INSERT [dbo].[Grade] ([ID], [StudentID], [CourseID], [TeacherID], [Grade], [Comment], [CreatedDate]) VALUES (541, 184, 28, 28, 9, N'Dobar', CAST(N'2002-07-01T00:00:00.000' AS DateTime)) GO INSERT [dbo].[Grade] ([ID], [StudentID], [CourseID], [TeacherID], [Grade], [Comment], [CreatedDate]) VALUES (542, 184, 29, 29, 8, N'Vreden', CAST(N'2001-12-07T00:00:00.000' AS DateTime)) GO INSERT [dbo].[Grade] ([ID], [StudentID], [CourseID], [TeacherID], [Grade], [Comment], [CreatedDate]) VALUES (543, 184, 30, 71, 6, N'Neispolnitelen', CAST(N'2002-03-27T00:00:00.000' AS DateTime)) GO INSERT [dbo].[Grade] ([ID], [StudentID], [CourseID], [TeacherID], [Grade], [Comment], [CreatedDate]) VALUES (544, 184, 31, 31, 9, N'Neispolnitelen', CAST(N'2003-01-09T00:00:00.000' AS DateTime)) GO INSERT [dbo].[Grade] ([ID], [StudentID], [CourseID], [TeacherID], [Grade], [Comment], [CreatedDate]) VALUES (545, 184, 32, 32, 9, N'Neispolnitelen', CAST(N'2002-04-14T00:00:00.000' AS DateTime)) GO INSERT [dbo].[Grade] ([ID], [StudentID], [CourseID], [TeacherID], [Grade], [Comment], [CreatedDate]) VALUES (546, 184, 33, 33, 9, N'Trudoljubiv', CAST(N'2002-03-19T00:00:00.000' AS DateTime)) GO INSERT [dbo].[Grade] ([ID], [StudentID], [CourseID], [TeacherID], [Grade], [Comment], [CreatedDate]) VALUES (547, 184, 34, 34, 6, N'Vreden', CAST(N'2002-10-26T00:00:00.000' AS DateTime)) GO INSERT [dbo].[Grade] ([ID], [StudentID], [CourseID], [TeacherID], [Grade], [Comment], [CreatedDate]) VALUES (548, 184, 35, 76, 6, N'Dobar', CAST(N'2003-01-07T00:00:00.000' AS DateTime)) GO INSERT [dbo].[Grade] ([ID], [StudentID], [CourseID], [TeacherID], [Grade], [Comment], [CreatedDate]) VALUES (549, 184, 36, 36, 10, N'Vreden', CAST(N'2002-09-27T00:00:00.000' AS DateTime)) GO INSERT [dbo].[Grade] ([ID], [StudentID], [CourseID], [TeacherID], [Grade], [Comment], [CreatedDate]) VALUES (550, 184, 37, 37, 8, N'Trudoljubiv', CAST(N'2002-10-09T00:00:00.000' AS DateTime)) GO INSERT [dbo].[Grade] ([ID], [StudentID], [CourseID], [TeacherID], [Grade], [Comment], [CreatedDate]) VALUES (551, 184, 38, 38, 8, N'Neispolnitelen', CAST(N'2003-01-29T00:00:00.000' AS DateTime)) GO INSERT [dbo].[Grade] ([ID], [StudentID], [CourseID], [TeacherID], [Grade], [Comment], [CreatedDate]) VALUES (552, 184, 39, 39, 8, N'Neispolnitelen', CAST(N'2003-05-01T00:00:00.000' AS DateTime)) GO INSERT [dbo].[Grade] ([ID], [StudentID], [CourseID], [TeacherID], [Grade], [Comment], [CreatedDate]) VALUES (553, 184, 40, 40, 6, N'Trudoljubiv', CAST(N'2002-09-20T00:00:00.000' AS DateTime)) GO INSERT [dbo].[Grade] ([ID], [StudentID], [CourseID], [TeacherID], [Grade], [Comment], [CreatedDate]) VALUES (554, 212, 0, 82, 8, N'Dobar', CAST(N'1999-10-23T00:00:00.000' AS DateTime)) GO INSERT [dbo].[Grade] ([ID], [StudentID], [CourseID], [TeacherID], [Grade], [Comment], [CreatedDate]) VALUES (555, 212, 1, 1, 8, N'Vreden', CAST(N'1999-08-15T00:00:00.000' AS DateTime)) GO INSERT [dbo].[Grade] ([ID], [StudentID], [CourseID], [TeacherID], [Grade], [Comment], [CreatedDate]) VALUES (556, 212, 2, 43, 10, N'Neispolnitelen', CAST(N'2000-04-01T00:00:00.000' AS DateTime)) GO INSERT [dbo].[Grade] ([ID], [StudentID], [CourseID], [TeacherID], [Grade], [Comment], [CreatedDate]) VALUES (557, 212, 3, 3, 10, N'Neispolnitelen', CAST(N'1999-09-19T00:00:00.000' AS DateTime)) GO INSERT [dbo].[Grade] ([ID], [StudentID], [CourseID], [TeacherID], [Grade], [Comment], [CreatedDate]) VALUES (558, 212, 4, 86, 9, N'Vreden', CAST(N'1999-12-05T00:00:00.000' AS DateTime)) GO INSERT [dbo].[Grade] ([ID], [StudentID], [CourseID], [TeacherID], [Grade], [Comment], [CreatedDate]) VALUES (559, 212, 5, 5, 10, N'Trudoljubiv', CAST(N'2000-07-25T00:00:00.000' AS DateTime)) GO INSERT [dbo].[Grade] ([ID], [StudentID], [CourseID], [TeacherID], [Grade], [Comment], [CreatedDate]) VALUES (560, 212, 6, 6, 10, N'Vreden', CAST(N'2000-06-07T00:00:00.000' AS DateTime)) GO INSERT [dbo].[Grade] ([ID], [StudentID], [CourseID], [TeacherID], [Grade], [Comment], [CreatedDate]) VALUES (561, 212, 7, 7, 10, N'Dobar', CAST(N'2000-06-08T00:00:00.000' AS DateTime)) GO INSERT [dbo].[Grade] ([ID], [StudentID], [CourseID], [TeacherID], [Grade], [Comment], [CreatedDate]) VALUES (562, 212, 8, 49, 8, N'Dobar', CAST(N'2000-08-11T00:00:00.000' AS DateTime)) GO INSERT [dbo].[Grade] ([ID], [StudentID], [CourseID], [TeacherID], [Grade], [Comment], [CreatedDate]) VALUES (563, 212, 9, 9, 10, N'Trudoljubiv', CAST(N'2000-03-06T00:00:00.000' AS DateTime)) GO INSERT [dbo].[Grade] ([ID], [StudentID], [CourseID], [TeacherID], [Grade], [Comment], [CreatedDate]) VALUES (564, 212, 10, 10, 10, N'Neispolnitelen', CAST(N'2000-08-29T00:00:00.000' AS DateTime)) GO INSERT [dbo].[Grade] ([ID], [StudentID], [CourseID], [TeacherID], [Grade], [Comment], [CreatedDate]) VALUES (565, 212, 11, 11, 9, N'Neispolnitelen', CAST(N'2000-11-17T00:00:00.000' AS DateTime)) GO INSERT [dbo].[Grade] ([ID], [StudentID], [CourseID], [TeacherID], [Grade], [Comment], [CreatedDate]) VALUES (566, 212, 12, 12, 8, N'Trudoljubiv', CAST(N'2000-08-31T00:00:00.000' AS DateTime)) GO INSERT [dbo].[Grade] ([ID], [StudentID], [CourseID], [TeacherID], [Grade], [Comment], [CreatedDate]) VALUES (567, 212, 13, 13, 8, N'Vreden', CAST(N'2001-03-02T00:00:00.000' AS DateTime)) GO INSERT [dbo].[Grade] ([ID], [StudentID], [CourseID], [TeacherID], [Grade], [Comment], [CreatedDate]) VALUES (568, 212, 14, 14, 10, N'Dobar', CAST(N'2000-08-10T00:00:00.000' AS DateTime)) GO INSERT [dbo].[Grade] ([ID], [StudentID], [CourseID], [TeacherID], [Grade], [Comment], [CreatedDate]) VALUES (569, 212, 15, 56, 8, N'Dobar', CAST(N'2000-09-09T00:00:00.000' AS DateTime)) GO INSERT [dbo].[Grade] ([ID], [StudentID], [CourseID], [TeacherID], [Grade], [Comment], [CreatedDate]) VALUES (570, 212, 16, 16, 9, N'Trudoljubiv', CAST(N'2001-02-26T00:00:00.000' AS DateTime)) GO INSERT [dbo].[Grade] ([ID], [StudentID], [CourseID], [TeacherID], [Grade], [Comment], [CreatedDate]) VALUES (571, 212, 17, 17, 9, N'Neispolnitelen', CAST(N'2000-12-04T00:00:00.000' AS DateTime)) GO INSERT [dbo].[Grade] ([ID], [StudentID], [CourseID], [TeacherID], [Grade], [Comment], [CreatedDate]) VALUES (572, 212, 18, 18, 9, N'Neispolnitelen', CAST(N'2001-09-16T00:00:00.000' AS DateTime)) GO INSERT [dbo].[Grade] ([ID], [StudentID], [CourseID], [TeacherID], [Grade], [Comment], [CreatedDate]) VALUES (573, 212, 19, 60, 8, N'Snaodliv', CAST(N'2001-09-28T00:00:00.000' AS DateTime)) GO INSERT [dbo].[Grade] ([ID], [StudentID], [CourseID], [TeacherID], [Grade], [Comment], [CreatedDate]) VALUES (574, 212, 20, 20, 9, N'Vreden', CAST(N'2001-03-01T00:00:00.000' AS DateTime)) GO INSERT [dbo].[Grade] ([ID], [StudentID], [CourseID], [TeacherID], [Grade], [Comment], [CreatedDate]) VALUES (575, 212, 21, 21, 8, N'Dobar', CAST(N'2002-02-05T00:00:00.000' AS DateTime)) GO INSERT [dbo].[Grade] ([ID], [StudentID], [CourseID], [TeacherID], [Grade], [Comment], [CreatedDate]) VALUES (576, 212, 22, 22, 10, N'Vreden', CAST(N'2001-07-20T00:00:00.000' AS DateTime)) GO INSERT [dbo].[Grade] ([ID], [StudentID], [CourseID], [TeacherID], [Grade], [Comment], [CreatedDate]) VALUES (577, 212, 23, 23, 8, N'Trudoljubiv', CAST(N'2002-03-21T00:00:00.000' AS DateTime)) GO INSERT [dbo].[Grade] ([ID], [StudentID], [CourseID], [TeacherID], [Grade], [Comment], [CreatedDate]) VALUES (578, 212, 24, 24, 10, N'Neispolnitelen', CAST(N'2001-08-13T00:00:00.000' AS DateTime)) GO INSERT [dbo].[Grade] ([ID], [StudentID], [CourseID], [TeacherID], [Grade], [Comment], [CreatedDate]) VALUES (579, 212, 25, 25, 9, N'Neispolnitelen', CAST(N'2001-05-28T00:00:00.000' AS DateTime)) GO INSERT [dbo].[Grade] ([ID], [StudentID], [CourseID], [TeacherID], [Grade], [Comment], [CreatedDate]) VALUES (580, 212, 26, 26, 9, N'Trudoljubiv', CAST(N'2002-08-09T00:00:00.000' AS DateTime)) GO INSERT [dbo].[Grade] ([ID], [StudentID], [CourseID], [TeacherID], [Grade], [Comment], [CreatedDate]) VALUES (581, 212, 27, 27, 9, N'Vreden', CAST(N'2002-02-27T00:00:00.000' AS DateTime)) GO INSERT [dbo].[Grade] ([ID], [StudentID], [CourseID], [TeacherID], [Grade], [Comment], [CreatedDate]) VALUES (582, 212, 28, 28, 8, N'Dobar', CAST(N'2002-09-19T00:00:00.000' AS DateTime)) GO INSERT [dbo].[Grade] ([ID], [StudentID], [CourseID], [TeacherID], [Grade], [Comment], [CreatedDate]) VALUES (583, 212, 29, 29, 10, N'Vreden', CAST(N'2002-05-11T00:00:00.000' AS DateTime)) GO INSERT [dbo].[Grade] ([ID], [StudentID], [CourseID], [TeacherID], [Grade], [Comment], [CreatedDate]) VALUES (584, 212, 30, 71, 9, N'Neispolnitelen', CAST(N'2002-06-16T00:00:00.000' AS DateTime)) GO INSERT [dbo].[Grade] ([ID], [StudentID], [CourseID], [TeacherID], [Grade], [Comment], [CreatedDate]) VALUES (585, 212, 31, 31, 10, N'Neispolnitelen', CAST(N'2002-11-16T00:00:00.000' AS DateTime)) GO INSERT [dbo].[Grade] ([ID], [StudentID], [CourseID], [TeacherID], [Grade], [Comment], [CreatedDate]) VALUES (586, 212, 32, 73, 8, N'Neredoven', CAST(N'2002-06-25T00:00:00.000' AS DateTime)) GO INSERT [dbo].[Grade] ([ID], [StudentID], [CourseID], [TeacherID], [Grade], [Comment], [CreatedDate]) VALUES (587, 212, 33, 33, 8, N'Trudoljubiv', CAST(N'2002-09-12T00:00:00.000' AS DateTime)) GO INSERT [dbo].[Grade] ([ID], [StudentID], [CourseID], [TeacherID], [Grade], [Comment], [CreatedDate]) VALUES (588, 212, 34, 34, 9, N'Vreden', CAST(N'2003-04-04T00:00:00.000' AS DateTime)) GO INSERT [dbo].[Grade] ([ID], [StudentID], [CourseID], [TeacherID], [Grade], [Comment], [CreatedDate]) VALUES (589, 212, 35, 35, 9, N'Dobar', CAST(N'2002-12-16T00:00:00.000' AS DateTime)) GO INSERT [dbo].[Grade] ([ID], [StudentID], [CourseID], [TeacherID], [Grade], [Comment], [CreatedDate]) VALUES (590, 212, 36, 36, 8, N'Vreden', CAST(N'2003-09-11T00:00:00.000' AS DateTime)) GO INSERT [dbo].[Grade] ([ID], [StudentID], [CourseID], [TeacherID], [Grade], [Comment], [CreatedDate]) VALUES (591, 212, 37, 37, 10, N'Trudoljubiv', CAST(N'2003-08-12T00:00:00.000' AS DateTime)) GO INSERT [dbo].[Grade] ([ID], [StudentID], [CourseID], [TeacherID], [Grade], [Comment], [CreatedDate]) VALUES (592, 212, 38, 38, 8, N'Neispolnitelen', CAST(N'2003-04-11T00:00:00.000' AS DateTime)) GO INSERT [dbo].[Grade] ([ID], [StudentID], [CourseID], [TeacherID], [Grade], [Comment], [CreatedDate]) VALUES (593, 212, 39, 39, 10, N'Neispolnitelen', CAST(N'2003-08-01T00:00:00.000' AS DateTime)) GO INSERT [dbo].[Grade] ([ID], [StudentID], [CourseID], [TeacherID], [Grade], [Comment], [CreatedDate]) VALUES (594, 212, 40, 40, 8, N'Trudoljubiv', CAST(N'2003-02-22T00:00:00.000' AS DateTime)) GO INSERT [dbo].[Grade] ([ID], [StudentID], [CourseID], [TeacherID], [Grade], [Comment], [CreatedDate]) VALUES (595, 33, 0, 82, 8, N'Dobar', CAST(N'2000-04-12T00:00:00.000' AS DateTime)) GO INSERT [dbo].[Grade] ([ID], [StudentID], [CourseID], [TeacherID], [Grade], [Comment], [CreatedDate]) VALUES (596, 33, 1, 1, 8, N'Snaodliv', CAST(N'1999-09-14T00:00:00.000' AS DateTime)) GO INSERT [dbo].[Grade] ([ID], [StudentID], [CourseID], [TeacherID], [Grade], [Comment], [CreatedDate]) VALUES (597, 33, 2, 2, 10, N'Komunikativen', CAST(N'2000-01-04T00:00:00.000' AS DateTime)) GO INSERT [dbo].[Grade] ([ID], [StudentID], [CourseID], [TeacherID], [Grade], [Comment], [CreatedDate]) VALUES (598, 33, 3, 85, 7, N'Trudoljubiv', CAST(N'2000-05-02T00:00:00.000' AS DateTime)) GO INSERT [dbo].[Grade] ([ID], [StudentID], [CourseID], [TeacherID], [Grade], [Comment], [CreatedDate]) VALUES (599, 33, 4, 4, 6, N'Neredoven', CAST(N'2000-04-30T00:00:00.000' AS DateTime)) GO INSERT [dbo].[Grade] ([ID], [StudentID], [CourseID], [TeacherID], [Grade], [Comment], [CreatedDate]) VALUES (600, 33, 5, 5, 6, N'Komunikativen', CAST(N'2000-08-27T00:00:00.000' AS DateTime)) GO INSERT [dbo].[Grade] ([ID], [StudentID], [CourseID], [TeacherID], [Grade], [Comment], [CreatedDate]) VALUES (601, 33, 6, 6, 8, N'Snaodliv', CAST(N'1999-12-22T00:00:00.000' AS DateTime)) GO INSERT [dbo].[Grade] ([ID], [StudentID], [CourseID], [TeacherID], [Grade], [Comment], [CreatedDate]) VALUES (602, 33, 7, 7, 7, N'Dobar', CAST(N'2000-11-15T00:00:00.000' AS DateTime)) GO INSERT [dbo].[Grade] ([ID], [StudentID], [CourseID], [TeacherID], [Grade], [Comment], [CreatedDate]) VALUES (603, 33, 8, 8, 6, N'Snaodliv', CAST(N'2000-09-03T00:00:00.000' AS DateTime)) GO INSERT [dbo].[Grade] ([ID], [StudentID], [CourseID], [TeacherID], [Grade], [Comment], [CreatedDate]) VALUES (604, 33, 9, 9, 9, N'Komunikativen', CAST(N'2000-01-27T00:00:00.000' AS DateTime)) GO INSERT [dbo].[Grade] ([ID], [StudentID], [CourseID], [TeacherID], [Grade], [Comment], [CreatedDate]) VALUES (605, 33, 10, 51, 8, N'Vreden', CAST(N'2000-01-26T00:00:00.000' AS DateTime)) GO INSERT [dbo].[Grade] ([ID], [StudentID], [CourseID], [TeacherID], [Grade], [Comment], [CreatedDate]) VALUES (606, 33, 11, 11, 10, N'Neredoven', CAST(N'2000-06-27T00:00:00.000' AS DateTime)) GO INSERT [dbo].[Grade] ([ID], [StudentID], [CourseID], [TeacherID], [Grade], [Comment], [CreatedDate]) VALUES (607, 33, 12, 12, 9, N'Komunikativen', CAST(N'2000-08-16T00:00:00.000' AS DateTime)) GO INSERT [dbo].[Grade] ([ID], [StudentID], [CourseID], [TeacherID], [Grade], [Comment], [CreatedDate]) VALUES (608, 33, 13, 13, 9, N'Snaodliv', CAST(N'2001-04-25T00:00:00.000' AS DateTime)) GO INSERT [dbo].[Grade] ([ID], [StudentID], [CourseID], [TeacherID], [Grade], [Comment], [CreatedDate]) VALUES (609, 33, 14, 14, 9, N'Dobar', CAST(N'2001-02-01T00:00:00.000' AS DateTime)) GO INSERT [dbo].[Grade] ([ID], [StudentID], [CourseID], [TeacherID], [Grade], [Comment], [CreatedDate]) VALUES (610, 33, 15, 15, 7, N'Snaodliv', CAST(N'2001-01-26T00:00:00.000' AS DateTime)) GO INSERT [dbo].[Grade] ([ID], [StudentID], [CourseID], [TeacherID], [Grade], [Comment], [CreatedDate]) VALUES (611, 33, 16, 16, 10, N'Komunikativen', CAST(N'2001-06-29T00:00:00.000' AS DateTime)) GO INSERT [dbo].[Grade] ([ID], [StudentID], [CourseID], [TeacherID], [Grade], [Comment], [CreatedDate]) VALUES (612, 33, 17, 17, 10, N'Neredoven', CAST(N'2001-10-24T00:00:00.000' AS DateTime)) GO INSERT [dbo].[Grade] ([ID], [StudentID], [CourseID], [TeacherID], [Grade], [Comment], [CreatedDate]) VALUES (613, 33, 18, 18, 9, N'Neredoven', CAST(N'2001-02-06T00:00:00.000' AS DateTime)) GO INSERT [dbo].[Grade] ([ID], [StudentID], [CourseID], [TeacherID], [Grade], [Comment], [CreatedDate]) VALUES (614, 33, 19, 60, 6, N'Vreden', CAST(N'2000-11-28T00:00:00.000' AS DateTime)) GO INSERT [dbo].[Grade] ([ID], [StudentID], [CourseID], [TeacherID], [Grade], [Comment], [CreatedDate]) VALUES (615, 33, 20, 20, 9, N'Snaodliv', CAST(N'2001-08-17T00:00:00.000' AS DateTime)) GO INSERT [dbo].[Grade] ([ID], [StudentID], [CourseID], [TeacherID], [Grade], [Comment], [CreatedDate]) VALUES (616, 33, 21, 21, 9, N'Dobar', CAST(N'2002-04-09T00:00:00.000' AS DateTime)) GO INSERT [dbo].[Grade] ([ID], [StudentID], [CourseID], [TeacherID], [Grade], [Comment], [CreatedDate]) VALUES (617, 33, 22, 22, 9, N'Snaodliv', CAST(N'2001-08-19T00:00:00.000' AS DateTime)) GO INSERT [dbo].[Grade] ([ID], [StudentID], [CourseID], [TeacherID], [Grade], [Comment], [CreatedDate]) VALUES (618, 33, 23, 23, 7, N'Komunikativen', CAST(N'2002-03-16T00:00:00.000' AS DateTime)) GO INSERT [dbo].[Grade] ([ID], [StudentID], [CourseID], [TeacherID], [Grade], [Comment], [CreatedDate]) VALUES (619, 33, 24, 24, 9, N'Neredoven', CAST(N'2001-11-28T00:00:00.000' AS DateTime)) GO INSERT [dbo].[Grade] ([ID], [StudentID], [CourseID], [TeacherID], [Grade], [Comment], [CreatedDate]) VALUES (620, 33, 25, 25, 7, N'Neredoven', CAST(N'2002-02-24T00:00:00.000' AS DateTime)) GO INSERT [dbo].[Grade] ([ID], [StudentID], [CourseID], [TeacherID], [Grade], [Comment], [CreatedDate]) VALUES (621, 33, 26, 26, 10, N'Komunikativen', CAST(N'2001-11-21T00:00:00.000' AS DateTime)) GO INSERT [dbo].[Grade] ([ID], [StudentID], [CourseID], [TeacherID], [Grade], [Comment], [CreatedDate]) VALUES (622, 33, 27, 27, 7, N'Snaodliv', CAST(N'2002-02-22T00:00:00.000' AS DateTime)) GO INSERT [dbo].[Grade] ([ID], [StudentID], [CourseID], [TeacherID], [Grade], [Comment], [CreatedDate]) VALUES (623, 33, 28, 69, 10, N'Dobar', CAST(N'2002-09-30T00:00:00.000' AS DateTime)) GO INSERT [dbo].[Grade] ([ID], [StudentID], [CourseID], [TeacherID], [Grade], [Comment], [CreatedDate]) VALUES (624, 33, 29, 29, 10, N'Snaodliv', CAST(N'2002-02-19T00:00:00.000' AS DateTime)) GO INSERT [dbo].[Grade] ([ID], [StudentID], [CourseID], [TeacherID], [Grade], [Comment], [CreatedDate]) VALUES (625, 33, 30, 30, 10, N'Komunikativen', CAST(N'2002-07-21T00:00:00.000' AS DateTime)) GO INSERT [dbo].[Grade] ([ID], [StudentID], [CourseID], [TeacherID], [Grade], [Comment], [CreatedDate]) VALUES (626, 33, 31, 31, 9, N'Neredoven', CAST(N'2002-12-27T00:00:00.000' AS DateTime)) GO INSERT [dbo].[Grade] ([ID], [StudentID], [CourseID], [TeacherID], [Grade], [Comment], [CreatedDate]) VALUES (627, 33, 32, 32, 8, N'Neredoven', CAST(N'2002-07-09T00:00:00.000' AS DateTime)) GO INSERT [dbo].[Grade] ([ID], [StudentID], [CourseID], [TeacherID], [Grade], [Comment], [CreatedDate]) VALUES (628, 33, 33, 33, 8, N'Komunikativen', CAST(N'2003-02-04T00:00:00.000' AS DateTime)) GO INSERT [dbo].[Grade] ([ID], [StudentID], [CourseID], [TeacherID], [Grade], [Comment], [CreatedDate]) VALUES (629, 33, 34, 34, 10, N'Snaodliv', CAST(N'2002-07-29T00:00:00.000' AS DateTime)) GO INSERT [dbo].[Grade] ([ID], [StudentID], [CourseID], [TeacherID], [Grade], [Comment], [CreatedDate]) VALUES (630, 33, 35, 76, 10, N'Dobar', CAST(N'2003-01-17T00:00:00.000' AS DateTime)) GO INSERT [dbo].[Grade] ([ID], [StudentID], [CourseID], [TeacherID], [Grade], [Comment], [CreatedDate]) VALUES (631, 33, 36, 36, 6, N'Snaodliv', CAST(N'2003-04-10T00:00:00.000' AS DateTime)) GO INSERT [dbo].[Grade] ([ID], [StudentID], [CourseID], [TeacherID], [Grade], [Comment], [CreatedDate]) VALUES (632, 33, 37, 37, 10, N'Komunikativen', CAST(N'2003-03-06T00:00:00.000' AS DateTime)) GO INSERT [dbo].[Grade] ([ID], [StudentID], [CourseID], [TeacherID], [Grade], [Comment], [CreatedDate]) VALUES (633, 33, 38, 38, 8, N'Neredoven', CAST(N'2003-05-26T00:00:00.000' AS DateTime)) GO INSERT [dbo].[Grade] ([ID], [StudentID], [CourseID], [TeacherID], [Grade], [Comment], [CreatedDate]) VALUES (634, 33, 39, 39, 8, N'Neredoven', CAST(N'2003-02-23T00:00:00.000' AS DateTime)) GO INSERT [dbo].[Grade] ([ID], [StudentID], [CourseID], [TeacherID], [Grade], [Comment], [CreatedDate]) VALUES (635, 33, 40, 81, 8, N'Vreden', CAST(N'2003-04-12T00:00:00.000' AS DateTime)) GO INSERT [dbo].[Grade] ([ID], [StudentID], [CourseID], [TeacherID], [Grade], [Comment], [CreatedDate]) VALUES (636, 129, 0, 0, 9, N'Dobar', CAST(N'2000-01-05T00:00:00.000' AS DateTime)) GO INSERT [dbo].[Grade] ([ID], [StudentID], [CourseID], [TeacherID], [Grade], [Comment], [CreatedDate]) VALUES (637, 129, 1, 1, 7, N'Neredoven', CAST(N'1999-10-08T00:00:00.000' AS DateTime)) GO INSERT [dbo].[Grade] ([ID], [StudentID], [CourseID], [TeacherID], [Grade], [Comment], [CreatedDate]) VALUES (638, 129, 2, 84, 6, N'Dobar', CAST(N'1999-07-23T00:00:00.000' AS DateTime)) GO INSERT [dbo].[Grade] ([ID], [StudentID], [CourseID], [TeacherID], [Grade], [Comment], [CreatedDate]) VALUES (639, 129, 3, 3, 7, N'Komunikativen', CAST(N'2000-04-12T00:00:00.000' AS DateTime)) GO INSERT [dbo].[Grade] ([ID], [StudentID], [CourseID], [TeacherID], [Grade], [Comment], [CreatedDate]) VALUES (640, 129, 4, 4, 6, N'Komunikativen', CAST(N'2000-05-20T00:00:00.000' AS DateTime)) GO INSERT [dbo].[Grade] ([ID], [StudentID], [CourseID], [TeacherID], [Grade], [Comment], [CreatedDate]) VALUES (641, 129, 5, 5, 10, N'Snaodliv', CAST(N'2000-07-22T00:00:00.000' AS Dat